units/bats/bat-ne-1.png	units/bats/bat-ne-1.png
units/bats/bat-ne-2.png	units/bats/bat-ne-2.png
units/bats/bat-ne-3.png	units/bats/bat-ne-3.png
units/bats/bat-ne-4.png	units/bats/bat-ne-4.png
units/bats/bat-se-1.png	units/bats/bat-se-1.png
units/bats/bat-se-2.png	units/bats/bat-se-2.png
units/bats/bat-se-3.png	units/bats/bat-se-3.png
units/bats/bat-se-4.png	units/bats/bat-se-4.png
units/bats/bloodbat-ne-1.png	units/bats/bloodbat-ne-1.png
units/bats/bloodbat-ne-2.png	units/bats/bloodbat-ne-2.png
units/bats/bloodbat-ne-3.png	units/bats/bloodbat-ne-3.png
units/bats/bloodbat-ne-4.png	units/bats/bloodbat-ne-4.png
units/bats/bloodbat-se-1.png	units/bats/bloodbat-se-1.png
units/bats/bloodbat-se-2.png	units/bats/bloodbat-se-2.png
units/bats/bloodbat-se-3.png	units/bats/bloodbat-se-3.png
units/bats/bloodbat-se-4.png	units/bats/bloodbat-se-4.png
units/bats/dreadbat-ne-1.png	units/bats/dreadbat-ne-1.png
units/bats/dreadbat-ne-2.png	units/bats/dreadbat-ne-2.png
units/bats/dreadbat-ne-3.png	units/bats/dreadbat-ne-3.png
units/bats/dreadbat-ne-4.png	units/bats/dreadbat-ne-4.png
units/bats/dreadbat-se-1.png	units/bats/dreadbat-se-1.png
units/bats/dreadbat-se-2.png	units/bats/dreadbat-se-2.png
units/bats/dreadbat-se-3.png	units/bats/dreadbat-se-3.png
units/bats/dreadbat-se-4.png	units/bats/dreadbat-se-4.png
units/drakes/arbiter-pierce-se-1.png	units/drakes/arbiter-pierce-se-1.png
units/drakes/arbiter-pierce-se-2.png	units/drakes/arbiter-pierce-se-2.png
units/drakes/arbiter-pierce-se-3.png	units/drakes/arbiter-pierce-se-3.png
units/drakes/arbiter-pierce-se-4.png	units/drakes/arbiter-pierce-se-4.png
units/drakes/arbiter-pierce-se-5.png	units/drakes/arbiter-pierce-se-5.png
units/drakes/arbiter-pierce-se-6.png	units/drakes/arbiter-pierce-se-6.png
units/drakes/arbiter-pierce-se-7.png	units/drakes/arbiter-pierce-se-7.png
units/drakes/arbiter.png	units/drakes/arbiter.png
units/drakes/armageddon-fire-inhale-1.png	units/drakes/armageddon-fire-inhale-1.png
units/drakes/armageddon-fire-inhale-2.png	units/drakes/armageddon-fire-inhale-2.png
units/drakes/armageddon-fire-inhale-3.png	units/drakes/armageddon-fire-inhale-3.png
units/drakes/armageddon-fire-inhale-4.png	units/drakes/armageddon-fire-inhale-4.png
units/drakes/armageddon-fire-s-1.png	units/drakes/armageddon-fire-s-1.png
units/drakes/armageddon-fire-s-2.png	units/drakes/armageddon-fire-s-2.png
units/drakes/armageddon-fire-s-3.png	units/drakes/armageddon-fire-s-3.png
units/drakes/armageddon-fire-se-1.png	units/drakes/armageddon-fire-se-1.png
units/drakes/armageddon-fire-se-2.png	units/drakes/armageddon-fire-se-2.png
units/drakes/armageddon-fire-se-3.png	units/drakes/armageddon-fire-se-3.png
units/drakes/armageddon-melee-1.png	units/drakes/armageddon-melee-1.png
units/drakes/armageddon-melee-2.png	units/drakes/armageddon-melee-2.png
units/drakes/armageddon-melee-3.png	units/drakes/armageddon-melee-3.png
units/drakes/armageddon-melee-4.png	units/drakes/armageddon-melee-4.png
units/drakes/armageddon-melee-5.png	units/drakes/armageddon-melee-5.png
units/drakes/armageddon-melee-6.png	units/drakes/armageddon-melee-6.png
units/drakes/armageddon.png	units/drakes/armageddon.png
units/drakes/blademaster-fire-inhale-1.png	units/drakes/blademaster-fire-inhale-1.png
units/drakes/blademaster-fire-inhale-2.png	units/drakes/blademaster-fire-inhale-2.png
units/drakes/blademaster-fire-inhale-3.png	units/drakes/blademaster-fire-inhale-3.png
units/drakes/blademaster-fire-inhale-4.png	units/drakes/blademaster-fire-inhale-4.png
units/drakes/blademaster-fire-s-1.png	units/drakes/blademaster-fire-s-1.png
units/drakes/blademaster-fire-s-2.png	units/drakes/blademaster-fire-s-2.png
units/drakes/blademaster-fire-s-3.png	units/drakes/blademaster-fire-s-3.png
units/drakes/blademaster-fire-se-1.png	units/drakes/blademaster-fire-se-1.png
units/drakes/blademaster-fire-se-2.png	units/drakes/blademaster-fire-se-2.png
units/drakes/blademaster-fire-se-3.png	units/drakes/blademaster-fire-se-3.png
units/drakes/blademaster-melee-1.png	units/drakes/blademaster-melee-1.png
units/drakes/blademaster-melee-2.png	units/drakes/blademaster-melee-2.png
units/drakes/blademaster-melee-3.png	units/drakes/blademaster-melee-3.png
units/drakes/blademaster-melee-4.png	units/drakes/blademaster-melee-4.png
units/drakes/blademaster-melee-5.png	units/drakes/blademaster-melee-5.png
units/drakes/blademaster-melee-6.png	units/drakes/blademaster-melee-6.png
units/drakes/blademaster.png	units/drakes/blademaster.png
units/drakes/burner-fire-inhale-1.png	units/drakes/burner-fire-inhale-1.png
units/drakes/burner-fire-inhale-2.png	units/drakes/burner-fire-inhale-2.png
units/drakes/burner-fire-inhale-3.png	units/drakes/burner-fire-inhale-3.png
units/drakes/burner-fire-inhale-4.png	units/drakes/burner-fire-inhale-4.png
units/drakes/burner-fire-s-1.png	units/drakes/burner-fire-s-1.png
units/drakes/burner-fire-s-2.png	units/drakes/burner-fire-s-2.png
units/drakes/burner-fire-s-3.png	units/drakes/burner-fire-s-3.png
units/drakes/burner-fire-se-1.png	units/drakes/burner-fire-se-1.png
units/drakes/burner-fire-se-2.png	units/drakes/burner-fire-se-2.png
units/drakes/burner-fire-se-3.png	units/drakes/burner-fire-se-3.png
units/drakes/burner-melee-1.png	units/drakes/burner-melee-1.png
units/drakes/burner-melee-2.png	units/drakes/burner-melee-2.png
units/drakes/burner-melee-3.png	units/drakes/burner-melee-3.png
units/drakes/burner-melee-4.png	units/drakes/burner-melee-4.png
units/drakes/burner-melee-5.png	units/drakes/burner-melee-5.png
units/drakes/burner-melee-6.png	units/drakes/burner-melee-6.png
units/drakes/burner.png	units/drakes/burner.png
units/drakes/clasher-blade-1.png	units/drakes/clasher-blade-1.png
units/drakes/clasher-blade-2.png	units/drakes/clasher-blade-2.png
units/drakes/clasher-blade-3.png	units/drakes/clasher-blade-3.png
units/drakes/clasher-blade-4.png	units/drakes/clasher-blade-4.png
units/drakes/clasher-blade-5.png	units/drakes/clasher-blade-5.png
units/drakes/clasher-blade-6.png	units/drakes/clasher-blade-6.png
units/drakes/clasher-blade.png	units/drakes/clasher-blade.png
units/drakes/clasher-spear-se-1.png	units/drakes/clasher-spear-se-1.png
units/drakes/clasher-spear-se-2.png	units/drakes/clasher-spear-se-2.png
units/drakes/clasher-spear-se-3.png	units/drakes/clasher-spear-se-3.png
units/drakes/clasher-spear-se-4.png	units/drakes/clasher-spear-se-4.png
units/drakes/clasher-spear-se-5.png	units/drakes/clasher-spear-se-5.png
units/drakes/clasher-spear-se-6.png	units/drakes/clasher-spear-se-6.png
units/drakes/clasher.png	units/drakes/clasher.png
units/drakes/enforcer-blade-1.png	units/drakes/enforcer-blade-1.png
units/drakes/enforcer-blade-2.png	units/drakes/enforcer-blade-2.png
units/drakes/enforcer-blade-3.png	units/drakes/enforcer-blade-3.png
units/drakes/enforcer-blade-4.png	units/drakes/enforcer-blade-4.png
units/drakes/enforcer-blade-5.png	units/drakes/enforcer-blade-5.png
units/drakes/enforcer-blade-6.png	units/drakes/enforcer-blade-6.png
units/drakes/enforcer-blade.png	units/drakes/enforcer-blade.png
units/drakes/enforcer-impact-1.png	units/drakes/enforcer-impact-1.png
units/drakes/enforcer-impact-2.png	units/drakes/enforcer-impact-2.png
units/drakes/enforcer-impact-3.png	units/drakes/enforcer-impact-3.png
units/drakes/enforcer-impact-4.png	units/drakes/enforcer-impact-4.png
units/drakes/enforcer-impact-5.png	units/drakes/enforcer-impact-5.png
units/drakes/enforcer-spear-se-1.png	units/drakes/enforcer-spear-se-1.png
units/drakes/enforcer-spear-se-2.png	units/drakes/enforcer-spear-se-2.png
units/drakes/enforcer-spear-se-3.png	units/drakes/enforcer-spear-se-3.png
units/drakes/enforcer-spear-se-4.png	units/drakes/enforcer-spear-se-4.png
units/drakes/enforcer-spear-se-5.png	units/drakes/enforcer-spear-se-5.png
units/drakes/enforcer-spear-se-6.png	units/drakes/enforcer-spear-se-6.png
units/drakes/fighter-fire-inhale-1.png	units/drakes/fighter-fire-inhale-1.png
units/drakes/fighter-fire-inhale-2.png	units/drakes/fighter-fire-inhale-2.png
units/drakes/fighter-fire-inhale-3.png	units/drakes/fighter-fire-inhale-3.png
units/drakes/fighter-fire-inhale-4.png	units/drakes/fighter-fire-inhale-4.png
units/drakes/fighter-fire-s-1.png	units/drakes/fighter-fire-s-1.png
units/drakes/fighter-fire-s-2.png	units/drakes/fighter-fire-s-2.png
units/drakes/fighter-fire-s-3.png	units/drakes/fighter-fire-s-3.png
units/drakes/fighter-fire-se-1.png	units/drakes/fighter-fire-se-1.png
units/drakes/fighter-fire-se-2.png	units/drakes/fighter-fire-se-2.png
units/drakes/fighter-fire-se-3.png	units/drakes/fighter-fire-se-3.png
units/drakes/fighter-melee-1.png	units/drakes/fighter-melee-1.png
units/drakes/fighter-melee-2.png	units/drakes/fighter-melee-2.png
units/drakes/fighter-melee-3.png	units/drakes/fighter-melee-3.png
units/drakes/fighter-melee-4.png	units/drakes/fighter-melee-4.png
units/drakes/fighter-melee-5.png	units/drakes/fighter-melee-5.png
units/drakes/fighter-melee-6.png	units/drakes/fighter-melee-6.png
units/drakes/fighter.png	units/drakes/fighter.png
units/drakes/fire-fire-inhale-1.png	units/drakes/fire-fire-inhale-1.png
units/drakes/fire-fire-inhale-2.png	units/drakes/fire-fire-inhale-2.png
units/drakes/fire-fire-inhale-3.png	units/drakes/fire-fire-inhale-3.png
units/drakes/fire-fire-inhale-4.png	units/drakes/fire-fire-inhale-4.png
units/drakes/fire-fire-s-1.png	units/drakes/fire-fire-s-1.png
units/drakes/fire-fire-s-2.png	units/drakes/fire-fire-s-2.png
units/drakes/fire-fire-s-3.png	units/drakes/fire-fire-s-3.png
units/drakes/fire-fire-se-1.png	units/drakes/fire-fire-se-1.png
units/drakes/fire-fire-se-2.png	units/drakes/fire-fire-se-2.png
units/drakes/fire-fire-se-3.png	units/drakes/fire-fire-se-3.png
units/drakes/fire-melee-1.png	units/drakes/fire-melee-1.png
units/drakes/fire-melee-2.png	units/drakes/fire-melee-2.png
units/drakes/fire-melee-3.png	units/drakes/fire-melee-3.png
units/drakes/fire-melee-4.png	units/drakes/fire-melee-4.png
units/drakes/fire-melee-5.png	units/drakes/fire-melee-5.png
units/drakes/fire-melee-6.png	units/drakes/fire-melee-6.png
units/drakes/fire.png	units/drakes/fire.png
units/drakes/flameheart-fire-inhale-1.png	units/drakes/flameheart-fire-inhale-1.png
units/drakes/flameheart-fire-inhale-2.png	units/drakes/flameheart-fire-inhale-2.png
units/drakes/flameheart-fire-inhale-3.png	units/drakes/flameheart-fire-inhale-3.png
units/drakes/flameheart-fire-inhale-4.png	units/drakes/flameheart-fire-inhale-4.png
units/drakes/flameheart-fire-s-1.png	units/drakes/flameheart-fire-s-1.png
units/drakes/flameheart-fire-s-2.png	units/drakes/flameheart-fire-s-2.png
units/drakes/flameheart-fire-s-3.png	units/drakes/flameheart-fire-s-3.png
units/drakes/flameheart-fire-se-1.png	units/drakes/flameheart-fire-se-1.png
units/drakes/flameheart-fire-se-2.png	units/drakes/flameheart-fire-se-2.png
units/drakes/flameheart-fire-se-3.png	units/drakes/flameheart-fire-se-3.png
units/drakes/flameheart-melee-1.png	units/drakes/flameheart-melee-1.png
units/drakes/flameheart-melee-2.png	units/drakes/flameheart-melee-2.png
units/drakes/flameheart-melee-3.png	units/drakes/flameheart-melee-3.png
units/drakes/flameheart-melee-4.png	units/drakes/flameheart-melee-4.png
units/drakes/flameheart-melee-5.png	units/drakes/flameheart-melee-5.png
units/drakes/flameheart-melee-6.png	units/drakes/flameheart-melee-6.png
units/drakes/flameheart.png	units/drakes/flameheart.png
units/drakes/flare-fire-inhale-1.png	units/drakes/flare-fire-inhale-1.png
units/drakes/flare-fire-inhale-2.png	units/drakes/flare-fire-inhale-2.png
units/drakes/flare-fire-inhale-3.png	units/drakes/flare-fire-inhale-3.png
units/drakes/flare-fire-inhale-4.png	units/drakes/flare-fire-inhale-4.png
units/drakes/flare-fire-s-1.png	units/drakes/flare-fire-s-1.png
units/drakes/flare-fire-s-2.png	units/drakes/flare-fire-s-2.png
units/drakes/flare-fire-s-3.png	units/drakes/flare-fire-s-3.png
units/drakes/flare-fire-se-1.png	units/drakes/flare-fire-se-1.png
units/drakes/flare-fire-se-2.png	units/drakes/flare-fire-se-2.png
units/drakes/flare-fire-se-3.png	units/drakes/flare-fire-se-3.png
units/drakes/flare-melee-1.png	units/drakes/flare-melee-1.png
units/drakes/flare-melee-2.png	units/drakes/flare-melee-2.png
units/drakes/flare-melee-3.png	units/drakes/flare-melee-3.png
units/drakes/flare-melee-4.png	units/drakes/flare-melee-4.png
units/drakes/flare-melee-5.png	units/drakes/flare-melee-5.png
units/drakes/flare-melee-6.png	units/drakes/flare-melee-6.png
units/drakes/flare.png	units/drakes/flare.png
units/drakes/glider-fire-inhale-1.png	units/drakes/glider-fire-inhale-1.png
units/drakes/glider-fire-inhale-2.png	units/drakes/glider-fire-inhale-2.png
units/drakes/glider-fire-inhale-3.png	units/drakes/glider-fire-inhale-3.png
units/drakes/glider-fire-inhale-4.png	units/drakes/glider-fire-inhale-4.png
units/drakes/glider-fire-s-1.png	units/drakes/glider-fire-s-1.png
units/drakes/glider-fire-s-2.png	units/drakes/glider-fire-s-2.png
units/drakes/glider-fire-s-3.png	units/drakes/glider-fire-s-3.png
units/drakes/glider-fire-se-1.png	units/drakes/glider-fire-se-1.png
units/drakes/glider-fire-se-2.png	units/drakes/glider-fire-se-2.png
units/drakes/glider-fire-se-3.png	units/drakes/glider-fire-se-3.png
units/drakes/glider-kick-1.png	units/drakes/glider-kick-1.png
units/drakes/glider-kick-2.png	units/drakes/glider-kick-2.png
units/drakes/glider-kick-3.png	units/drakes/glider-kick-3.png
units/drakes/glider-kick-4.png	units/drakes/glider-kick-4.png
units/drakes/glider-kick-5.png	units/drakes/glider-kick-5.png
units/drakes/glider-kick-6.png	units/drakes/glider-kick-6.png
units/drakes/glider.png	units/drakes/glider.png
units/drakes/hurricane-fire-inhale-1.png	units/drakes/hurricane-fire-inhale-1.png
units/drakes/hurricane-fire-inhale-2.png	units/drakes/hurricane-fire-inhale-2.png
units/drakes/hurricane-fire-inhale-3.png	units/drakes/hurricane-fire-inhale-3.png
units/drakes/hurricane-fire-inhale-4.png	units/drakes/hurricane-fire-inhale-4.png
units/drakes/hurricane-fire-s-1.png	units/drakes/hurricane-fire-s-1.png
units/drakes/hurricane-fire-s-2.png	units/drakes/hurricane-fire-s-2.png
units/drakes/hurricane-fire-s-3.png	units/drakes/hurricane-fire-s-3.png
units/drakes/hurricane-fire-se-1.png	units/drakes/hurricane-fire-se-1.png
units/drakes/hurricane-fire-se-2.png	units/drakes/hurricane-fire-se-2.png
units/drakes/hurricane-fire-se-3.png	units/drakes/hurricane-fire-se-3.png
units/drakes/hurricane-kick-1.png	units/drakes/hurricane-kick-1.png
units/drakes/hurricane-kick-2.png	units/drakes/hurricane-kick-2.png
units/drakes/hurricane-kick-3.png	units/drakes/hurricane-kick-3.png
units/drakes/hurricane-kick-4.png	units/drakes/hurricane-kick-4.png
units/drakes/hurricane-kick-5.png	units/drakes/hurricane-kick-5.png
units/drakes/hurricane-kick-6.png	units/drakes/hurricane-kick-6.png
units/drakes/hurricane.png	units/drakes/hurricane.png
units/drakes/inferno-fire-inhale-1.png	units/drakes/inferno-fire-inhale-1.png
units/drakes/inferno-fire-inhale-2.png	units/drakes/inferno-fire-inhale-2.png
units/drakes/inferno-fire-inhale-3.png	units/drakes/inferno-fire-inhale-3.png
units/drakes/inferno-fire-inhale-4.png	units/drakes/inferno-fire-inhale-4.png
units/drakes/inferno-fire-s-1.png	units/drakes/inferno-fire-s-1.png
units/drakes/inferno-fire-s-2.png	units/drakes/inferno-fire-s-2.png
units/drakes/inferno-fire-s-3.png	units/drakes/inferno-fire-s-3.png
units/drakes/inferno-fire-se-1.png	units/drakes/inferno-fire-se-1.png
units/drakes/inferno-fire-se-2.png	units/drakes/inferno-fire-se-2.png
units/drakes/inferno-fire-se-3.png	units/drakes/inferno-fire-se-3.png
units/drakes/inferno-melee-1.png	units/drakes/inferno-melee-1.png
units/drakes/inferno-melee-2.png	units/drakes/inferno-melee-2.png
units/drakes/inferno-melee-3.png	units/drakes/inferno-melee-3.png
units/drakes/inferno-melee-4.png	units/drakes/inferno-melee-4.png
units/drakes/inferno-melee-5.png	units/drakes/inferno-melee-5.png
units/drakes/inferno-melee-6.png	units/drakes/inferno-melee-6.png
units/drakes/inferno.png	units/drakes/inferno.png
units/drakes/sky-fire-inhale-1.png	units/drakes/sky-fire-inhale-1.png
units/drakes/sky-fire-inhale-2.png	units/drakes/sky-fire-inhale-2.png
units/drakes/sky-fire-inhale-3.png	units/drakes/sky-fire-inhale-3.png
units/drakes/sky-fire-inhale-4.png	units/drakes/sky-fire-inhale-4.png
units/drakes/sky-fire-s-1.png	units/drakes/sky-fire-s-1.png
units/drakes/sky-fire-s-2.png	units/drakes/sky-fire-s-2.png
units/drakes/sky-fire-s-3.png	units/drakes/sky-fire-s-3.png
units/drakes/sky-fire-se-1.png	units/drakes/sky-fire-se-1.png
units/drakes/sky-fire-se-2.png	units/drakes/sky-fire-se-2.png
units/drakes/sky-fire-se-3.png	units/drakes/sky-fire-se-3.png
units/drakes/sky-kick-1.png	units/drakes/sky-kick-1.png
units/drakes/sky-kick-2.png	units/drakes/sky-kick-2.png
units/drakes/sky-kick-3.png	units/drakes/sky-kick-3.png
units/drakes/sky-kick-4.png	units/drakes/sky-kick-4.png
units/drakes/sky-kick-5.png	units/drakes/sky-kick-5.png
units/drakes/sky-kick-6.png	units/drakes/sky-kick-6.png
units/drakes/sky.png	units/drakes/sky.png
units/drakes/thrasher-blade-1.png	units/drakes/thrasher-blade-1.png
units/drakes/thrasher-blade-2.png	units/drakes/thrasher-blade-2.png
units/drakes/thrasher-blade-3.png	units/drakes/thrasher-blade-3.png
units/drakes/thrasher-blade-4.png	units/drakes/thrasher-blade-4.png
units/drakes/thrasher-blade-5.png	units/drakes/thrasher-blade-5.png
units/drakes/thrasher-blade-6.png	units/drakes/thrasher-blade-6.png
units/drakes/thrasher-blade.png	units/drakes/thrasher-blade.png
units/drakes/thrasher-impact-1.png	units/drakes/thrasher-impact-1.png
units/drakes/thrasher-impact-2.png	units/drakes/thrasher-impact-2.png
units/drakes/thrasher-impact-3.png	units/drakes/thrasher-impact-3.png
units/drakes/thrasher-impact-4.png	units/drakes/thrasher-impact-4.png
units/drakes/thrasher-impact-5.png	units/drakes/thrasher-impact-5.png
units/drakes/thrasher-spear-se-1.png	units/drakes/thrasher-spear-se-1.png
units/drakes/thrasher-spear-se-2.png	units/drakes/thrasher-spear-se-2.png
units/drakes/thrasher-spear-se-3.png	units/drakes/thrasher-spear-se-3.png
units/drakes/thrasher-spear-se-4.png	units/drakes/thrasher-spear-se-4.png
units/drakes/thrasher-spear-se-5.png	units/drakes/thrasher-spear-se-5.png
units/drakes/thrasher-spear-se-6.png	units/drakes/thrasher-spear-se-6.png
units/drakes/warden-pierce-se-1.png	units/drakes/warden-pierce-se-1.png
units/drakes/warden-pierce-se-2.png	units/drakes/warden-pierce-se-2.png
units/drakes/warden-pierce-se-3.png	units/drakes/warden-pierce-se-3.png
units/drakes/warden-pierce-se-4.png	units/drakes/warden-pierce-se-4.png
units/drakes/warden-pierce-se-5.png	units/drakes/warden-pierce-se-5.png
units/drakes/warden-pierce-se-6.png	units/drakes/warden-pierce-se-6.png
units/drakes/warden-pierce-se-7.png	units/drakes/warden-pierce-se-7.png
units/drakes/warden.png	units/drakes/warden.png
units/drakes/warrior-fire-inhale-1.png	units/drakes/warrior-fire-inhale-1.png
units/drakes/warrior-fire-inhale-2.png	units/drakes/warrior-fire-inhale-2.png
units/drakes/warrior-fire-inhale-3.png	units/drakes/warrior-fire-inhale-3.png
units/drakes/warrior-fire-inhale-4.png	units/drakes/warrior-fire-inhale-4.png
units/drakes/warrior-fire-s-1.png	units/drakes/warrior-fire-s-1.png
units/drakes/warrior-fire-s-2.png	units/drakes/warrior-fire-s-2.png
units/drakes/warrior-fire-s-3.png	units/drakes/warrior-fire-s-3.png
units/drakes/warrior-fire-se-1.png	units/drakes/warrior-fire-se-1.png
units/drakes/warrior-fire-se-2.png	units/drakes/warrior-fire-se-2.png
units/drakes/warrior-fire-se-3.png	units/drakes/warrior-fire-se-3.png
units/drakes/warrior-melee-1.png	units/drakes/warrior-melee-1.png
units/drakes/warrior-melee-2.png	units/drakes/warrior-melee-2.png
units/drakes/warrior-melee-3.png	units/drakes/warrior-melee-3.png
units/drakes/warrior-melee-4.png	units/drakes/warrior-melee-4.png
units/drakes/warrior-melee-5.png	units/drakes/warrior-melee-5.png
units/drakes/warrior-melee-6.png	units/drakes/warrior-melee-6.png
units/drakes/warrior.png	units/drakes/warrior.png
units/dunefolk/burner/burner-fire1.png	units/dunefolk/burner/burner-fire1.png
units/dunefolk/burner/burner-fire2.png	units/dunefolk/burner/burner-fire2.png
units/dunefolk/burner/burner-fire3.png	units/dunefolk/burner/burner-fire3.png
units/dunefolk/burner/burner-fire4.png	units/dunefolk/burner/burner-fire4.png
units/dunefolk/burner/burner-fire5.png	units/dunefolk/burner/burner-fire5.png
units/dunefolk/burner/burner-fire6.png	units/dunefolk/burner/burner-fire6.png
units/dunefolk/burner/burner-fire7.png	units/dunefolk/burner/burner-fire7.png
units/dunefolk/burner/burner-fire8.png	units/dunefolk/burner/burner-fire8.png
units/dunefolk/burner/burner.png	units/dunefolk/burner/burner.png
units/dunefolk/burner/firetrooper.png	units/dunefolk/burner/firetrooper.png
units/dunefolk/burner/scorcher.png	units/dunefolk/burner/scorcher.png
units/dunefolk/herbalist/alchemist.png	units/dunefolk/herbalist/alchemist.png
units/dunefolk/herbalist/apothecary.png	units/dunefolk/herbalist/apothecary.png
units/dunefolk/herbalist/herbalist.png	units/dunefolk/herbalist/herbalist.png
units/dunefolk/herbalist/luminary.png	units/dunefolk/herbalist/luminary.png
units/dunefolk/rider/cataphract-bow.png	units/dunefolk/rider/cataphract-bow.png
units/dunefolk/rider/cataphract-lance.png	units/dunefolk/rider/cataphract-lance.png
units/dunefolk/rider/cataphract-mace.png	units/dunefolk/rider/cataphract-mace.png
units/dunefolk/rider/horse-archer.png	units/dunefolk/rider/horse-archer.png
units/dunefolk/rider/marauder.png	units/dunefolk/rider/marauder.png
units/dunefolk/rider/raider.png	units/dunefolk/rider/raider.png
units/dunefolk/rider/rider.png	units/dunefolk/rider/rider.png
units/dunefolk/rider/sunderer.png	units/dunefolk/rider/sunderer.png
units/dunefolk/rider/windbolt.png	units/dunefolk/rider/windbolt.png
units/dunefolk/rover/explorer.png	units/dunefolk/rover/explorer.png
units/dunefolk/rover/rover.png	units/dunefolk/rover/rover.png
units/dunefolk/rover/wayfarer.png	units/dunefolk/rover/wayfarer.png
units/dunefolk/skirmisher/falconer-alone.png	units/dunefolk/skirmisher/falconer-alone.png
units/dunefolk/skirmisher/harrier.png	units/dunefolk/skirmisher/harrier.png
units/dunefolk/skirmisher/skirmisher-ne.png	units/dunefolk/skirmisher/skirmisher-ne.png
units/dunefolk/skirmisher/skirmisher.png	units/dunefolk/skirmisher/skirmisher.png
units/dunefolk/skirmisher/sky_hunter-alone.png	units/dunefolk/skirmisher/sky_hunter-alone.png
units/dunefolk/skirmisher/strider.png	units/dunefolk/skirmisher/strider.png
units/dunefolk/soldier/blademaster.png	units/dunefolk/soldier/blademaster.png
units/dunefolk/soldier/captain.png	units/dunefolk/soldier/captain.png
units/dunefolk/soldier/paragon.png	units/dunefolk/soldier/paragon.png
units/dunefolk/soldier/soldier.png	units/dunefolk/soldier/soldier.png
units/dunefolk/soldier/spearguard.png	units/dunefolk/soldier/spearguard.png
units/dunefolk/soldier/spearmaster.png	units/dunefolk/soldier/spearmaster.png
units/dunefolk/soldier/swordsman.png	units/dunefolk/soldier/swordsman.png
units/dunefolk/soldier/warmaster.png	units/dunefolk/soldier/warmaster.png
units/dunefolk/wyvern-rider.png	units/dunefolk/wyvern-rider.png
units/dwarves/arcanister.png	units/dwarves/arcanister.png
units/dwarves/berserker/berserker-attack-1.png	units/dwarves/berserker/berserker-attack-1.png
units/dwarves/berserker/berserker-attack-2.png	units/dwarves/berserker/berserker-attack-2.png
units/dwarves/berserker/berserker-attack-3.png	units/dwarves/berserker/berserker-attack-3.png
units/dwarves/berserker/berserker-attack-4.png	units/dwarves/berserker/berserker-attack-4.png
units/dwarves/berserker/berserker-attack-5.png	units/dwarves/berserker/berserker-attack-5.png
units/dwarves/berserker/berserker-attack-6.png	units/dwarves/berserker/berserker-attack-6.png
units/dwarves/berserker/berserker-attack-7.png	units/dwarves/berserker/berserker-attack-7.png
units/dwarves/berserker/berserker-attack-8.png	units/dwarves/berserker/berserker-attack-8.png
units/dwarves/berserker/berserker.png	units/dwarves/berserker/berserker.png
units/dwarves/dragonguard/dragonguard-n-ranged1.png	units/dwarves/dragonguard/dragonguard-n-ranged1.png
units/dwarves/dragonguard/dragonguard-n-ranged10.png	units/dwarves/dragonguard/dragonguard-n-ranged10.png
units/dwarves/dragonguard/dragonguard-n-ranged11.png	units/dwarves/dragonguard/dragonguard-n-ranged11.png
units/dwarves/dragonguard/dragonguard-n-ranged12.png	units/dwarves/dragonguard/dragonguard-n-ranged12.png
units/dwarves/dragonguard/dragonguard-n-ranged13.png	units/dwarves/dragonguard/dragonguard-n-ranged13.png
units/dwarves/dragonguard/dragonguard-n-ranged14.png	units/dwarves/dragonguard/dragonguard-n-ranged14.png
units/dwarves/dragonguard/dragonguard-n-ranged15.png	units/dwarves/dragonguard/dragonguard-n-ranged15.png
units/dwarves/dragonguard/dragonguard-n-ranged16.png	units/dwarves/dragonguard/dragonguard-n-ranged16.png
units/dwarves/dragonguard/dragonguard-n-ranged17.png	units/dwarves/dragonguard/dragonguard-n-ranged17.png
units/dwarves/dragonguard/dragonguard-n-ranged18.png	units/dwarves/dragonguard/dragonguard-n-ranged18.png
units/dwarves/dragonguard/dragonguard-n-ranged19.png	units/dwarves/dragonguard/dragonguard-n-ranged19.png
units/dwarves/dragonguard/dragonguard-n-ranged2.png	units/dwarves/dragonguard/dragonguard-n-ranged2.png
units/dwarves/dragonguard/dragonguard-n-ranged20.png	units/dwarves/dragonguard/dragonguard-n-ranged20.png
units/dwarves/dragonguard/dragonguard-n-ranged21.png	units/dwarves/dragonguard/dragonguard-n-ranged21.png
units/dwarves/dragonguard/dragonguard-n-ranged22.png	units/dwarves/dragonguard/dragonguard-n-ranged22.png
units/dwarves/dragonguard/dragonguard-n-ranged3.png	units/dwarves/dragonguard/dragonguard-n-ranged3.png
units/dwarves/dragonguard/dragonguard-n-ranged4.png	units/dwarves/dragonguard/dragonguard-n-ranged4.png
units/dwarves/dragonguard/dragonguard-n-ranged5.png	units/dwarves/dragonguard/dragonguard-n-ranged5.png
units/dwarves/dragonguard/dragonguard-n-ranged6.png	units/dwarves/dragonguard/dragonguard-n-ranged6.png
units/dwarves/dragonguard/dragonguard-n-ranged7.png	units/dwarves/dragonguard/dragonguard-n-ranged7.png
units/dwarves/dragonguard/dragonguard-n-ranged8.png	units/dwarves/dragonguard/dragonguard-n-ranged8.png
units/dwarves/dragonguard/dragonguard-n-ranged9.png	units/dwarves/dragonguard/dragonguard-n-ranged9.png
units/dwarves/dragonguard/dragonguard-ne-blade1.png	units/dwarves/dragonguard/dragonguard-ne-blade1.png
units/dwarves/dragonguard/dragonguard-ne-blade2.png	units/dwarves/dragonguard/dragonguard-ne-blade2.png
units/dwarves/dragonguard/dragonguard-ne-blade3.png	units/dwarves/dragonguard/dragonguard-ne-blade3.png
units/dwarves/dragonguard/dragonguard-ne-blade4.png	units/dwarves/dragonguard/dragonguard-ne-blade4.png
units/dwarves/dragonguard/dragonguard-ne-blade5.png	units/dwarves/dragonguard/dragonguard-ne-blade5.png
units/dwarves/dragonguard/dragonguard-ne-blade6.png	units/dwarves/dragonguard/dragonguard-ne-blade6.png
units/dwarves/dragonguard/dragonguard-ne-blade7.png	units/dwarves/dragonguard/dragonguard-ne-blade7.png
units/dwarves/dragonguard/dragonguard-ne-blade8.png	units/dwarves/dragonguard/dragonguard-ne-blade8.png
units/dwarves/dragonguard/dragonguard-ne-blade9.png	units/dwarves/dragonguard/dragonguard-ne-blade9.png
units/dwarves/dragonguard/dragonguard-ne-ranged1.png	units/dwarves/dragonguard/dragonguard-ne-ranged1.png
units/dwarves/dragonguard/dragonguard-ne-ranged10.png	units/dwarves/dragonguard/dragonguard-ne-ranged10.png
units/dwarves/dragonguard/dragonguard-ne-ranged11.png	units/dwarves/dragonguard/dragonguard-ne-ranged11.png
units/dwarves/dragonguard/dragonguard-ne-ranged12.png	units/dwarves/dragonguard/dragonguard-ne-ranged12.png
units/dwarves/dragonguard/dragonguard-ne-ranged13.png	units/dwarves/dragonguard/dragonguard-ne-ranged13.png
units/dwarves/dragonguard/dragonguard-ne-ranged14.png	units/dwarves/dragonguard/dragonguard-ne-ranged14.png
units/dwarves/dragonguard/dragonguard-ne-ranged15.png	units/dwarves/dragonguard/dragonguard-ne-ranged15.png
units/dwarves/dragonguard/dragonguard-ne-ranged16.png	units/dwarves/dragonguard/dragonguard-ne-ranged16.png
units/dwarves/dragonguard/dragonguard-ne-ranged17.png	units/dwarves/dragonguard/dragonguard-ne-ranged17.png
units/dwarves/dragonguard/dragonguard-ne-ranged18.png	units/dwarves/dragonguard/dragonguard-ne-ranged18.png
units/dwarves/dragonguard/dragonguard-ne-ranged19.png	units/dwarves/dragonguard/dragonguard-ne-ranged19.png
units/dwarves/dragonguard/dragonguard-ne-ranged2.png	units/dwarves/dragonguard/dragonguard-ne-ranged2.png
units/dwarves/dragonguard/dragonguard-ne-ranged20.png	units/dwarves/dragonguard/dragonguard-ne-ranged20.png
units/dwarves/dragonguard/dragonguard-ne-ranged21.png	units/dwarves/dragonguard/dragonguard-ne-ranged21.png
units/dwarves/dragonguard/dragonguard-ne-ranged22.png	units/dwarves/dragonguard/dragonguard-ne-ranged22.png
units/dwarves/dragonguard/dragonguard-ne-ranged23.png	units/dwarves/dragonguard/dragonguard-ne-ranged23.png
units/dwarves/dragonguard/dragonguard-ne-ranged3.png	units/dwarves/dragonguard/dragonguard-ne-ranged3.png
units/dwarves/dragonguard/dragonguard-ne-ranged4.png	units/dwarves/dragonguard/dragonguard-ne-ranged4.png
units/dwarves/dragonguard/dragonguard-ne-ranged5.png	units/dwarves/dragonguard/dragonguard-ne-ranged5.png
units/dwarves/dragonguard/dragonguard-ne-ranged6.png	units/dwarves/dragonguard/dragonguard-ne-ranged6.png
units/dwarves/dragonguard/dragonguard-ne-ranged7.png	units/dwarves/dragonguard/dragonguard-ne-ranged7.png
units/dwarves/dragonguard/dragonguard-ne-ranged8.png	units/dwarves/dragonguard/dragonguard-ne-ranged8.png
units/dwarves/dragonguard/dragonguard-ne-ranged9.png	units/dwarves/dragonguard/dragonguard-ne-ranged9.png
units/dwarves/dragonguard/dragonguard-ne.png	units/dwarves/dragonguard/dragonguard-ne.png
units/dwarves/dragonguard/dragonguard-s-ranged1.png	units/dwarves/dragonguard/dragonguard-s-ranged1.png
units/dwarves/dragonguard/dragonguard-s-ranged10.png	units/dwarves/dragonguard/dragonguard-s-ranged10.png
units/dwarves/dragonguard/dragonguard-s-ranged11.png	units/dwarves/dragonguard/dragonguard-s-ranged11.png
units/dwarves/dragonguard/dragonguard-s-ranged12.png	units/dwarves/dragonguard/dragonguard-s-ranged12.png
units/dwarves/dragonguard/dragonguard-s-ranged13.png	units/dwarves/dragonguard/dragonguard-s-ranged13.png
units/dwarves/dragonguard/dragonguard-s-ranged14.png	units/dwarves/dragonguard/dragonguard-s-ranged14.png
units/dwarves/dragonguard/dragonguard-s-ranged15.png	units/dwarves/dragonguard/dragonguard-s-ranged15.png
units/dwarves/dragonguard/dragonguard-s-ranged16.png	units/dwarves/dragonguard/dragonguard-s-ranged16.png
units/dwarves/dragonguard/dragonguard-s-ranged17.png	units/dwarves/dragonguard/dragonguard-s-ranged17.png
units/dwarves/dragonguard/dragonguard-s-ranged18.png	units/dwarves/dragonguard/dragonguard-s-ranged18.png
units/dwarves/dragonguard/dragonguard-s-ranged19.png	units/dwarves/dragonguard/dragonguard-s-ranged19.png
units/dwarves/dragonguard/dragonguard-s-ranged2.png	units/dwarves/dragonguard/dragonguard-s-ranged2.png
units/dwarves/dragonguard/dragonguard-s-ranged20.png	units/dwarves/dragonguard/dragonguard-s-ranged20.png
units/dwarves/dragonguard/dragonguard-s-ranged21.png	units/dwarves/dragonguard/dragonguard-s-ranged21.png
units/dwarves/dragonguard/dragonguard-s-ranged22.png	units/dwarves/dragonguard/dragonguard-s-ranged22.png
units/dwarves/dragonguard/dragonguard-s-ranged3.png	units/dwarves/dragonguard/dragonguard-s-ranged3.png
units/dwarves/dragonguard/dragonguard-s-ranged4.png	units/dwarves/dragonguard/dragonguard-s-ranged4.png
units/dwarves/dragonguard/dragonguard-s-ranged5.png	units/dwarves/dragonguard/dragonguard-s-ranged5.png
units/dwarves/dragonguard/dragonguard-s-ranged6.png	units/dwarves/dragonguard/dragonguard-s-ranged6.png
units/dwarves/dragonguard/dragonguard-s-ranged7.png	units/dwarves/dragonguard/dragonguard-s-ranged7.png
units/dwarves/dragonguard/dragonguard-s-ranged8.png	units/dwarves/dragonguard/dragonguard-s-ranged8.png
units/dwarves/dragonguard/dragonguard-s-ranged9.png	units/dwarves/dragonguard/dragonguard-s-ranged9.png
units/dwarves/dragonguard/dragonguard-se-blade1.png	units/dwarves/dragonguard/dragonguard-se-blade1.png
units/dwarves/dragonguard/dragonguard-se-blade2.png	units/dwarves/dragonguard/dragonguard-se-blade2.png
units/dwarves/dragonguard/dragonguard-se-blade3.png	units/dwarves/dragonguard/dragonguard-se-blade3.png
units/dwarves/dragonguard/dragonguard-se-blade4.png	units/dwarves/dragonguard/dragonguard-se-blade4.png
units/dwarves/dragonguard/dragonguard-se-blade5.png	units/dwarves/dragonguard/dragonguard-se-blade5.png
units/dwarves/dragonguard/dragonguard-se-blade6.png	units/dwarves/dragonguard/dragonguard-se-blade6.png
units/dwarves/dragonguard/dragonguard-se-blade7.png	units/dwarves/dragonguard/dragonguard-se-blade7.png
units/dwarves/dragonguard/dragonguard-se-blade8.png	units/dwarves/dragonguard/dragonguard-se-blade8.png
units/dwarves/dragonguard/dragonguard-se-blade9.png	units/dwarves/dragonguard/dragonguard-se-blade9.png
units/dwarves/dragonguard/dragonguard-se-ranged1.png	units/dwarves/dragonguard/dragonguard-se-ranged1.png
units/dwarves/dragonguard/dragonguard-se-ranged10.png	units/dwarves/dragonguard/dragonguard-se-ranged10.png
units/dwarves/dragonguard/dragonguard-se-ranged11.png	units/dwarves/dragonguard/dragonguard-se-ranged11.png
units/dwarves/dragonguard/dragonguard-se-ranged12.png	units/dwarves/dragonguard/dragonguard-se-ranged12.png
units/dwarves/dragonguard/dragonguard-se-ranged13.png	units/dwarves/dragonguard/dragonguard-se-ranged13.png
units/dwarves/dragonguard/dragonguard-se-ranged14.png	units/dwarves/dragonguard/dragonguard-se-ranged14.png
units/dwarves/dragonguard/dragonguard-se-ranged15.png	units/dwarves/dragonguard/dragonguard-se-ranged15.png
units/dwarves/dragonguard/dragonguard-se-ranged16.png	units/dwarves/dragonguard/dragonguard-se-ranged16.png
units/dwarves/dragonguard/dragonguard-se-ranged17.png	units/dwarves/dragonguard/dragonguard-se-ranged17.png
units/dwarves/dragonguard/dragonguard-se-ranged18.png	units/dwarves/dragonguard/dragonguard-se-ranged18.png
units/dwarves/dragonguard/dragonguard-se-ranged19.png	units/dwarves/dragonguard/dragonguard-se-ranged19.png
units/dwarves/dragonguard/dragonguard-se-ranged2.png	units/dwarves/dragonguard/dragonguard-se-ranged2.png
units/dwarves/dragonguard/dragonguard-se-ranged20.png	units/dwarves/dragonguard/dragonguard-se-ranged20.png
units/dwarves/dragonguard/dragonguard-se-ranged21.png	units/dwarves/dragonguard/dragonguard-se-ranged21.png
units/dwarves/dragonguard/dragonguard-se-ranged22.png	units/dwarves/dragonguard/dragonguard-se-ranged22.png
units/dwarves/dragonguard/dragonguard-se-ranged23.png	units/dwarves/dragonguard/dragonguard-se-ranged23.png
units/dwarves/dragonguard/dragonguard-se-ranged3.png	units/dwarves/dragonguard/dragonguard-se-ranged3.png
units/dwarves/dragonguard/dragonguard-se-ranged4.png	units/dwarves/dragonguard/dragonguard-se-ranged4.png
units/dwarves/dragonguard/dragonguard-se-ranged5.png	units/dwarves/dragonguard/dragonguard-se-ranged5.png
units/dwarves/dragonguard/dragonguard-se-ranged6.png	units/dwarves/dragonguard/dragonguard-se-ranged6.png
units/dwarves/dragonguard/dragonguard-se-ranged7.png	units/dwarves/dragonguard/dragonguard-se-ranged7.png
units/dwarves/dragonguard/dragonguard-se-ranged8.png	units/dwarves/dragonguard/dragonguard-se-ranged8.png
units/dwarves/dragonguard/dragonguard-se-ranged9.png	units/dwarves/dragonguard/dragonguard-se-ranged9.png
units/dwarves/dragonguard/dragonguard.png	units/dwarves/dragonguard/dragonguard.png
units/dwarves/explorer-melee-1.png	units/dwarves/explorer-melee-1.png
units/dwarves/explorer-melee-2.png	units/dwarves/explorer-melee-2.png
units/dwarves/explorer-melee-3.png	units/dwarves/explorer-melee-3.png
units/dwarves/explorer-melee-4.png	units/dwarves/explorer-melee-4.png
units/dwarves/explorer-melee-5.png	units/dwarves/explorer-melee-5.png
units/dwarves/explorer-melee-6.png	units/dwarves/explorer-melee-6.png
units/dwarves/explorer-ranged-1.png	units/dwarves/explorer-ranged-1.png
units/dwarves/explorer-ranged-2.png	units/dwarves/explorer-ranged-2.png
units/dwarves/explorer-ranged-3.png	units/dwarves/explorer-ranged-3.png
units/dwarves/fighter-ne-axe1.png	units/dwarves/fighter-ne-axe1.png
units/dwarves/fighter-ne-axe2.png	units/dwarves/fighter-ne-axe2.png
units/dwarves/fighter-ne-axe3.png	units/dwarves/fighter-ne-axe3.png
units/dwarves/fighter-ne-axe4.png	units/dwarves/fighter-ne-axe4.png
units/dwarves/fighter-ne-axe5.png	units/dwarves/fighter-ne-axe5.png
units/dwarves/fighter-ne-axe6.png	units/dwarves/fighter-ne-axe6.png
units/dwarves/fighter-ne-axe7.png	units/dwarves/fighter-ne-axe7.png
units/dwarves/fighter-ne-axe8.png	units/dwarves/fighter-ne-axe8.png
units/dwarves/fighter-ne-axe9.png	units/dwarves/fighter-ne-axe9.png
units/dwarves/fighter-ne-hammer.png	units/dwarves/fighter-ne-hammer.png
units/dwarves/fighter-ne-hammer1.png	units/dwarves/fighter-ne-hammer1.png
units/dwarves/fighter-ne-hammer2.png	units/dwarves/fighter-ne-hammer2.png
units/dwarves/fighter-ne-hammer3.png	units/dwarves/fighter-ne-hammer3.png
units/dwarves/fighter-ne-hammer4.png	units/dwarves/fighter-ne-hammer4.png
units/dwarves/fighter-ne-hammer5.png	units/dwarves/fighter-ne-hammer5.png
units/dwarves/fighter-ne-hammer6.png	units/dwarves/fighter-ne-hammer6.png
units/dwarves/fighter-ne-hammer7.png	units/dwarves/fighter-ne-hammer7.png
units/dwarves/fighter-ne.png	units/dwarves/fighter-ne.png
units/dwarves/fighter-se-axe1.png	units/dwarves/fighter-se-axe1.png
units/dwarves/fighter-se-axe2.png	units/dwarves/fighter-se-axe2.png
units/dwarves/fighter-se-axe3.png	units/dwarves/fighter-se-axe3.png
units/dwarves/fighter-se-axe4.png	units/dwarves/fighter-se-axe4.png
units/dwarves/fighter-se-axe5.png	units/dwarves/fighter-se-axe5.png
units/dwarves/fighter-se-axe6.png	units/dwarves/fighter-se-axe6.png
units/dwarves/fighter-se-axe7.png	units/dwarves/fighter-se-axe7.png
units/dwarves/fighter-se-axe8.png	units/dwarves/fighter-se-axe8.png
units/dwarves/fighter-se-axe9.png	units/dwarves/fighter-se-axe9.png
units/dwarves/fighter-se-hammer.png	units/dwarves/fighter-se-hammer.png
units/dwarves/fighter-se-hammer1.png	units/dwarves/fighter-se-hammer1.png
units/dwarves/fighter-se-hammer2.png	units/dwarves/fighter-se-hammer2.png
units/dwarves/fighter-se-hammer3.png	units/dwarves/fighter-se-hammer3.png
units/dwarves/fighter-se-hammer4.png	units/dwarves/fighter-se-hammer4.png
units/dwarves/fighter-se-hammer5.png	units/dwarves/fighter-se-hammer5.png
units/dwarves/fighter-se-hammer6.png	units/dwarves/fighter-se-hammer6.png
units/dwarves/fighter-se-hammer7.png	units/dwarves/fighter-se-hammer7.png
units/dwarves/fighter.png	units/dwarves/fighter.png
units/dwarves/gryphon-master-flying-4.png	units/dwarves/gryphon-master-flying-4.png
units/dwarves/gryphon-master-flying-5.png	units/dwarves/gryphon-master-flying-5.png
units/dwarves/gryphon-rider-flying-4.png	units/dwarves/gryphon-rider-flying-4.png
units/dwarves/gryphon-rider-flying-5.png	units/dwarves/gryphon-rider-flying-5.png
units/dwarves/guard-attack-1.png	units/dwarves/guard-attack-1.png
units/dwarves/guard-attack-2.png	units/dwarves/guard-attack-2.png
units/dwarves/guard-attack-3.png	units/dwarves/guard-attack-3.png
units/dwarves/guard-attack-4.png	units/dwarves/guard-attack-4.png
units/dwarves/guard-attack-5.png	units/dwarves/guard-attack-5.png
units/dwarves/guard-attack-6.png	units/dwarves/guard-attack-6.png
units/dwarves/guard-attack-7.png	units/dwarves/guard-attack-7.png
units/dwarves/guard-attack.png	units/dwarves/guard-attack.png
units/dwarves/guard-defend-1.png	units/dwarves/guard-defend-1.png
units/dwarves/guard.png	units/dwarves/guard.png
units/dwarves/lord-ne-axe1.png	units/dwarves/lord-ne-axe1.png
units/dwarves/lord-ne-axe2.png	units/dwarves/lord-ne-axe2.png
units/dwarves/lord-ne-axe3.png	units/dwarves/lord-ne-axe3.png
units/dwarves/lord-ne-axe4.png	units/dwarves/lord-ne-axe4.png
units/dwarves/lord-ne-axe5.png	units/dwarves/lord-ne-axe5.png
units/dwarves/lord-ne-axe6.png	units/dwarves/lord-ne-axe6.png
units/dwarves/lord-ne-axe7.png	units/dwarves/lord-ne-axe7.png
units/dwarves/lord-ne-axe8.png	units/dwarves/lord-ne-axe8.png
units/dwarves/lord-ne-axe9.png	units/dwarves/lord-ne-axe9.png
units/dwarves/lord-ne-hammer.png	units/dwarves/lord-ne-hammer.png
units/dwarves/lord-ne-hammer1.png	units/dwarves/lord-ne-hammer1.png
units/dwarves/lord-ne-hammer2.png	units/dwarves/lord-ne-hammer2.png
units/dwarves/lord-ne-hammer3.png	units/dwarves/lord-ne-hammer3.png
units/dwarves/lord-ne-hammer4.png	units/dwarves/lord-ne-hammer4.png
units/dwarves/lord-ne-hammer5.png	units/dwarves/lord-ne-hammer5.png
units/dwarves/lord-ne-hammer6.png	units/dwarves/lord-ne-hammer6.png
units/dwarves/lord-ne-hammer7.png	units/dwarves/lord-ne-hammer7.png
units/dwarves/lord-ne-ranged1.png	units/dwarves/lord-ne-ranged1.png
units/dwarves/lord-ne-ranged2.png	units/dwarves/lord-ne-ranged2.png
units/dwarves/lord-ne-ranged3.png	units/dwarves/lord-ne-ranged3.png
units/dwarves/lord-ne-ranged4.png	units/dwarves/lord-ne-ranged4.png
units/dwarves/lord-ne-ranged5.png	units/dwarves/lord-ne-ranged5.png
units/dwarves/lord-ne-ranged6.png	units/dwarves/lord-ne-ranged6.png
units/dwarves/lord-ne-ranged7.png	units/dwarves/lord-ne-ranged7.png
units/dwarves/lord-ne.png	units/dwarves/lord-ne.png
units/dwarves/lord-se-axe1.png	units/dwarves/lord-se-axe1.png
units/dwarves/lord-se-axe2.png	units/dwarves/lord-se-axe2.png
units/dwarves/lord-se-axe3.png	units/dwarves/lord-se-axe3.png
units/dwarves/lord-se-axe4.png	units/dwarves/lord-se-axe4.png
units/dwarves/lord-se-axe5.png	units/dwarves/lord-se-axe5.png
units/dwarves/lord-se-axe6.png	units/dwarves/lord-se-axe6.png
units/dwarves/lord-se-axe7.png	units/dwarves/lord-se-axe7.png
units/dwarves/lord-se-axe8.png	units/dwarves/lord-se-axe8.png
units/dwarves/lord-se-axe9.png	units/dwarves/lord-se-axe9.png
units/dwarves/lord-se-hammer.png	units/dwarves/lord-se-hammer.png
units/dwarves/lord-se-hammer1.png	units/dwarves/lord-se-hammer1.png
units/dwarves/lord-se-hammer2.png	units/dwarves/lord-se-hammer2.png
units/dwarves/lord-se-hammer3.png	units/dwarves/lord-se-hammer3.png
units/dwarves/lord-se-hammer4.png	units/dwarves/lord-se-hammer4.png
units/dwarves/lord-se-hammer5.png	units/dwarves/lord-se-hammer5.png
units/dwarves/lord-se-hammer6.png	units/dwarves/lord-se-hammer6.png
units/dwarves/lord-se-hammer7.png	units/dwarves/lord-se-hammer7.png
units/dwarves/lord-se-ranged1.png	units/dwarves/lord-se-ranged1.png
units/dwarves/lord-se-ranged2.png	units/dwarves/lord-se-ranged2.png
units/dwarves/lord-se-ranged3.png	units/dwarves/lord-se-ranged3.png
units/dwarves/lord-se-ranged4.png	units/dwarves/lord-se-ranged4.png
units/dwarves/lord-se-ranged5.png	units/dwarves/lord-se-ranged5.png
units/dwarves/lord-se-ranged6.png	units/dwarves/lord-se-ranged6.png
units/dwarves/lord-se-ranged7.png	units/dwarves/lord-se-ranged7.png
units/dwarves/lord.png	units/dwarves/lord.png
units/dwarves/miner-attack-1.png	units/dwarves/miner-attack-1.png
units/dwarves/miner-attack-2.png	units/dwarves/miner-attack-2.png
units/dwarves/miner-attack-3.png	units/dwarves/miner-attack-3.png
units/dwarves/miner-attack-4.png	units/dwarves/miner-attack-4.png
units/dwarves/miner-attack-5.png	units/dwarves/miner-attack-5.png
units/dwarves/miner-attack-6.png	units/dwarves/miner-attack-6.png
units/dwarves/pathfinder-ranged-1.png	units/dwarves/pathfinder-ranged-1.png
units/dwarves/pathfinder-ranged-2.png	units/dwarves/pathfinder-ranged-2.png
units/dwarves/pathfinder-ranged-3.png	units/dwarves/pathfinder-ranged-3.png
units/dwarves/runemaster.png	units/dwarves/runemaster.png
units/dwarves/runesmith-attack-se-1.png	units/dwarves/runesmith-attack-se-1.png
units/dwarves/runesmith-attack-se-10.png	units/dwarves/runesmith-attack-se-10.png
units/dwarves/runesmith-attack-se-2.png	units/dwarves/runesmith-attack-se-2.png
units/dwarves/runesmith-attack-se-3.png	units/dwarves/runesmith-attack-se-3.png
units/dwarves/runesmith-attack-se-4.png	units/dwarves/runesmith-attack-se-4.png
units/dwarves/runesmith-attack-se-5.png	units/dwarves/runesmith-attack-se-5.png
units/dwarves/runesmith-attack-se-6.png	units/dwarves/runesmith-attack-se-6.png
units/dwarves/runesmith-attack-se-7.png	units/dwarves/runesmith-attack-se-7.png
units/dwarves/runesmith-attack-se-8.png	units/dwarves/runesmith-attack-se-8.png
units/dwarves/runesmith-attack-se-9.png	units/dwarves/runesmith-attack-se-9.png
units/dwarves/scout-ranged-1.png	units/dwarves/scout-ranged-1.png
units/dwarves/scout-ranged-2.png	units/dwarves/scout-ranged-2.png
units/dwarves/scout-ranged-3.png	units/dwarves/scout-ranged-3.png
units/dwarves/sentinel-attack.png	units/dwarves/sentinel-attack.png
units/dwarves/sentinel-defend-1.png	units/dwarves/sentinel-defend-1.png
units/dwarves/sentinel.png	units/dwarves/sentinel.png
units/dwarves/stalwart-attack.png	units/dwarves/stalwart-attack.png
units/dwarves/stalwart-defend-1.png	units/dwarves/stalwart-defend-1.png
units/dwarves/stalwart.png	units/dwarves/stalwart.png
units/dwarves/steelclad-ne-axe1.png	units/dwarves/steelclad-ne-axe1.png
units/dwarves/steelclad-ne-axe2.png	units/dwarves/steelclad-ne-axe2.png
units/dwarves/steelclad-ne-axe3.png	units/dwarves/steelclad-ne-axe3.png
units/dwarves/steelclad-ne-axe4.png	units/dwarves/steelclad-ne-axe4.png
units/dwarves/steelclad-ne-axe5.png	units/dwarves/steelclad-ne-axe5.png
units/dwarves/steelclad-ne-axe6.png	units/dwarves/steelclad-ne-axe6.png
units/dwarves/steelclad-ne-axe7.png	units/dwarves/steelclad-ne-axe7.png
units/dwarves/steelclad-ne-axe8.png	units/dwarves/steelclad-ne-axe8.png
units/dwarves/steelclad-ne-axe9.png	units/dwarves/steelclad-ne-axe9.png
units/dwarves/steelclad-ne-hammer.png	units/dwarves/steelclad-ne-hammer.png
units/dwarves/steelclad-ne-hammer1.png	units/dwarves/steelclad-ne-hammer1.png
units/dwarves/steelclad-ne-hammer2.png	units/dwarves/steelclad-ne-hammer2.png
units/dwarves/steelclad-ne-hammer3.png	units/dwarves/steelclad-ne-hammer3.png
units/dwarves/steelclad-ne-hammer4.png	units/dwarves/steelclad-ne-hammer4.png
units/dwarves/steelclad-ne-hammer5.png	units/dwarves/steelclad-ne-hammer5.png
units/dwarves/steelclad-ne-hammer6.png	units/dwarves/steelclad-ne-hammer6.png
units/dwarves/steelclad-ne-hammer7.png	units/dwarves/steelclad-ne-hammer7.png
units/dwarves/steelclad-ne.png	units/dwarves/steelclad-ne.png
units/dwarves/steelclad-se-axe1.png	units/dwarves/steelclad-se-axe1.png
units/dwarves/steelclad-se-axe2.png	units/dwarves/steelclad-se-axe2.png
units/dwarves/steelclad-se-axe3.png	units/dwarves/steelclad-se-axe3.png
units/dwarves/steelclad-se-axe4.png	units/dwarves/steelclad-se-axe4.png
units/dwarves/steelclad-se-axe5.png	units/dwarves/steelclad-se-axe5.png
units/dwarves/steelclad-se-axe6.png	units/dwarves/steelclad-se-axe6.png
units/dwarves/steelclad-se-axe7.png	units/dwarves/steelclad-se-axe7.png
units/dwarves/steelclad-se-axe8.png	units/dwarves/steelclad-se-axe8.png
units/dwarves/steelclad-se-axe9.png	units/dwarves/steelclad-se-axe9.png
units/dwarves/steelclad-se-hammer.png	units/dwarves/steelclad-se-hammer.png
units/dwarves/steelclad-se-hammer1.png	units/dwarves/steelclad-se-hammer1.png
units/dwarves/steelclad-se-hammer2.png	units/dwarves/steelclad-se-hammer2.png
units/dwarves/steelclad-se-hammer3.png	units/dwarves/steelclad-se-hammer3.png
units/dwarves/steelclad-se-hammer4.png	units/dwarves/steelclad-se-hammer4.png
units/dwarves/steelclad-se-hammer5.png	units/dwarves/steelclad-se-hammer5.png
units/dwarves/steelclad-se-hammer6.png	units/dwarves/steelclad-se-hammer6.png
units/dwarves/steelclad-se-hammer7.png	units/dwarves/steelclad-se-hammer7.png
units/dwarves/steelclad.png	units/dwarves/steelclad.png
units/dwarves/thunderer/thunderer-n-ranged1.png	units/dwarves/thunderer/thunderer-n-ranged1.png
units/dwarves/thunderer/thunderer-n-ranged2.png	units/dwarves/thunderer/thunderer-n-ranged2.png
units/dwarves/thunderer/thunderer-n-ranged3.png	units/dwarves/thunderer/thunderer-n-ranged3.png
units/dwarves/thunderer/thunderer-n-ranged4.png	units/dwarves/thunderer/thunderer-n-ranged4.png
units/dwarves/thunderer/thunderer-n-ranged5.png	units/dwarves/thunderer/thunderer-n-ranged5.png
units/dwarves/thunderer/thunderer-n-ranged6.png	units/dwarves/thunderer/thunderer-n-ranged6.png
units/dwarves/thunderer/thunderer-n-ranged7.png	units/dwarves/thunderer/thunderer-n-ranged7.png
units/dwarves/thunderer/thunderer-n-ranged8.png	units/dwarves/thunderer/thunderer-n-ranged8.png
units/dwarves/thunderer/thunderer-n-ranged9.png	units/dwarves/thunderer/thunderer-n-ranged9.png
units/dwarves/thunderer/thunderer-ne-blade1.png	units/dwarves/thunderer/thunderer-ne-blade1.png
units/dwarves/thunderer/thunderer-ne-blade2.png	units/dwarves/thunderer/thunderer-ne-blade2.png
units/dwarves/thunderer/thunderer-ne-blade3.png	units/dwarves/thunderer/thunderer-ne-blade3.png
units/dwarves/thunderer/thunderer-ne-blade4.png	units/dwarves/thunderer/thunderer-ne-blade4.png
units/dwarves/thunderer/thunderer-ne-blade5.png	units/dwarves/thunderer/thunderer-ne-blade5.png
units/dwarves/thunderer/thunderer-ne-blade6.png	units/dwarves/thunderer/thunderer-ne-blade6.png
units/dwarves/thunderer/thunderer-ne-blade7.png	units/dwarves/thunderer/thunderer-ne-blade7.png
units/dwarves/thunderer/thunderer-ne-blade8.png	units/dwarves/thunderer/thunderer-ne-blade8.png
units/dwarves/thunderer/thunderer-ne-blade9.png	units/dwarves/thunderer/thunderer-ne-blade9.png
units/dwarves/thunderer/thunderer-ne-ranged1.png	units/dwarves/thunderer/thunderer-ne-ranged1.png
units/dwarves/thunderer/thunderer-ne-ranged2.png	units/dwarves/thunderer/thunderer-ne-ranged2.png
units/dwarves/thunderer/thunderer-ne-ranged3.png	units/dwarves/thunderer/thunderer-ne-ranged3.png
units/dwarves/thunderer/thunderer-ne-ranged4.png	units/dwarves/thunderer/thunderer-ne-ranged4.png
units/dwarves/thunderer/thunderer-ne-ranged5.png	units/dwarves/thunderer/thunderer-ne-ranged5.png
units/dwarves/thunderer/thunderer-ne-ranged6.png	units/dwarves/thunderer/thunderer-ne-ranged6.png
units/dwarves/thunderer/thunderer-ne-ranged7.png	units/dwarves/thunderer/thunderer-ne-ranged7.png
units/dwarves/thunderer/thunderer-ne-ranged8.png	units/dwarves/thunderer/thunderer-ne-ranged8.png
units/dwarves/thunderer/thunderer-ne-ranged9.png	units/dwarves/thunderer/thunderer-ne-ranged9.png
units/dwarves/thunderer/thunderer-ne.png	units/dwarves/thunderer/thunderer-ne.png
units/dwarves/thunderer/thunderer-s-ranged1.png	units/dwarves/thunderer/thunderer-s-ranged1.png
units/dwarves/thunderer/thunderer-s-ranged2.png	units/dwarves/thunderer/thunderer-s-ranged2.png
units/dwarves/thunderer/thunderer-s-ranged3.png	units/dwarves/thunderer/thunderer-s-ranged3.png
units/dwarves/thunderer/thunderer-s-ranged4.png	units/dwarves/thunderer/thunderer-s-ranged4.png
units/dwarves/thunderer/thunderer-s-ranged5.png	units/dwarves/thunderer/thunderer-s-ranged5.png
units/dwarves/thunderer/thunderer-s-ranged6.png	units/dwarves/thunderer/thunderer-s-ranged6.png
units/dwarves/thunderer/thunderer-s-ranged7.png	units/dwarves/thunderer/thunderer-s-ranged7.png
units/dwarves/thunderer/thunderer-s-ranged8.png	units/dwarves/thunderer/thunderer-s-ranged8.png
units/dwarves/thunderer/thunderer-s-ranged9.png	units/dwarves/thunderer/thunderer-s-ranged9.png
units/dwarves/thunderer/thunderer-se-blade1.png	units/dwarves/thunderer/thunderer-se-blade1.png
units/dwarves/thunderer/thunderer-se-blade2.png	units/dwarves/thunderer/thunderer-se-blade2.png
units/dwarves/thunderer/thunderer-se-blade3.png	units/dwarves/thunderer/thunderer-se-blade3.png
units/dwarves/thunderer/thunderer-se-blade4.png	units/dwarves/thunderer/thunderer-se-blade4.png
units/dwarves/thunderer/thunderer-se-blade5.png	units/dwarves/thunderer/thunderer-se-blade5.png
units/dwarves/thunderer/thunderer-se-blade6.png	units/dwarves/thunderer/thunderer-se-blade6.png
units/dwarves/thunderer/thunderer-se-blade7.png	units/dwarves/thunderer/thunderer-se-blade7.png
units/dwarves/thunderer/thunderer-se-blade8.png	units/dwarves/thunderer/thunderer-se-blade8.png
units/dwarves/thunderer/thunderer-se-blade9.png	units/dwarves/thunderer/thunderer-se-blade9.png
units/dwarves/thunderer/thunderer-se-ranged1.png	units/dwarves/thunderer/thunderer-se-ranged1.png
units/dwarves/thunderer/thunderer-se-ranged2.png	units/dwarves/thunderer/thunderer-se-ranged2.png
units/dwarves/thunderer/thunderer-se-ranged3.png	units/dwarves/thunderer/thunderer-se-ranged3.png
units/dwarves/thunderer/thunderer-se-ranged4.png	units/dwarves/thunderer/thunderer-se-ranged4.png
units/dwarves/thunderer/thunderer-se-ranged5.png	units/dwarves/thunderer/thunderer-se-ranged5.png
units/dwarves/thunderer/thunderer-se-ranged6.png	units/dwarves/thunderer/thunderer-se-ranged6.png
units/dwarves/thunderer/thunderer-se-ranged7.png	units/dwarves/thunderer/thunderer-se-ranged7.png
units/dwarves/thunderer/thunderer-se-ranged8.png	units/dwarves/thunderer/thunderer-se-ranged8.png
units/dwarves/thunderer/thunderer-se-ranged9.png	units/dwarves/thunderer/thunderer-se-ranged9.png
units/dwarves/thunderer/thunderer.png	units/dwarves/thunderer/thunderer.png
units/dwarves/thunderguard/thunderguard-n-ranged1.png	units/dwarves/thunderguard/thunderguard-n-ranged1.png
units/dwarves/thunderguard/thunderguard-n-ranged10.png	units/dwarves/thunderguard/thunderguard-n-ranged10.png
units/dwarves/thunderguard/thunderguard-n-ranged11.png	units/dwarves/thunderguard/thunderguard-n-ranged11.png
units/dwarves/thunderguard/thunderguard-n-ranged12.png	units/dwarves/thunderguard/thunderguard-n-ranged12.png
units/dwarves/thunderguard/thunderguard-n-ranged2.png	units/dwarves/thunderguard/thunderguard-n-ranged2.png
units/dwarves/thunderguard/thunderguard-n-ranged3.png	units/dwarves/thunderguard/thunderguard-n-ranged3.png
units/dwarves/thunderguard/thunderguard-n-ranged4.png	units/dwarves/thunderguard/thunderguard-n-ranged4.png
units/dwarves/thunderguard/thunderguard-n-ranged5.png	units/dwarves/thunderguard/thunderguard-n-ranged5.png
units/dwarves/thunderguard/thunderguard-n-ranged6.png	units/dwarves/thunderguard/thunderguard-n-ranged6.png
units/dwarves/thunderguard/thunderguard-n-ranged7.png	units/dwarves/thunderguard/thunderguard-n-ranged7.png
units/dwarves/thunderguard/thunderguard-n-ranged8.png	units/dwarves/thunderguard/thunderguard-n-ranged8.png
units/dwarves/thunderguard/thunderguard-n-ranged9.png	units/dwarves/thunderguard/thunderguard-n-ranged9.png
units/dwarves/thunderguard/thunderguard-ne-blade1.png	units/dwarves/thunderguard/thunderguard-ne-blade1.png
units/dwarves/thunderguard/thunderguard-ne-blade2.png	units/dwarves/thunderguard/thunderguard-ne-blade2.png
units/dwarves/thunderguard/thunderguard-ne-blade3.png	units/dwarves/thunderguard/thunderguard-ne-blade3.png
units/dwarves/thunderguard/thunderguard-ne-blade4.png	units/dwarves/thunderguard/thunderguard-ne-blade4.png
units/dwarves/thunderguard/thunderguard-ne-blade5.png	units/dwarves/thunderguard/thunderguard-ne-blade5.png
units/dwarves/thunderguard/thunderguard-ne-blade6.png	units/dwarves/thunderguard/thunderguard-ne-blade6.png
units/dwarves/thunderguard/thunderguard-ne-blade7.png	units/dwarves/thunderguard/thunderguard-ne-blade7.png
units/dwarves/thunderguard/thunderguard-ne-blade8.png	units/dwarves/thunderguard/thunderguard-ne-blade8.png
units/dwarves/thunderguard/thunderguard-ne-blade9.png	units/dwarves/thunderguard/thunderguard-ne-blade9.png
units/dwarves/thunderguard/thunderguard-ne-ranged1.png	units/dwarves/thunderguard/thunderguard-ne-ranged1.png
units/dwarves/thunderguard/thunderguard-ne-ranged10.png	units/dwarves/thunderguard/thunderguard-ne-ranged10.png
units/dwarves/thunderguard/thunderguard-ne-ranged11.png	units/dwarves/thunderguard/thunderguard-ne-ranged11.png
units/dwarves/thunderguard/thunderguard-ne-ranged12.png	units/dwarves/thunderguard/thunderguard-ne-ranged12.png
units/dwarves/thunderguard/thunderguard-ne-ranged2.png	units/dwarves/thunderguard/thunderguard-ne-ranged2.png
units/dwarves/thunderguard/thunderguard-ne-ranged3.png	units/dwarves/thunderguard/thunderguard-ne-ranged3.png
units/dwarves/thunderguard/thunderguard-ne-ranged4.png	units/dwarves/thunderguard/thunderguard-ne-ranged4.png
units/dwarves/thunderguard/thunderguard-ne-ranged5.png	units/dwarves/thunderguard/thunderguard-ne-ranged5.png
units/dwarves/thunderguard/thunderguard-ne-ranged6.png	units/dwarves/thunderguard/thunderguard-ne-ranged6.png
units/dwarves/thunderguard/thunderguard-ne-ranged7.png	units/dwarves/thunderguard/thunderguard-ne-ranged7.png
units/dwarves/thunderguard/thunderguard-ne-ranged8.png	units/dwarves/thunderguard/thunderguard-ne-ranged8.png
units/dwarves/thunderguard/thunderguard-ne-ranged9.png	units/dwarves/thunderguard/thunderguard-ne-ranged9.png
units/dwarves/thunderguard/thunderguard-ne.png	units/dwarves/thunderguard/thunderguard-ne.png
units/dwarves/thunderguard/thunderguard-s-ranged1.png	units/dwarves/thunderguard/thunderguard-s-ranged1.png
units/dwarves/thunderguard/thunderguard-s-ranged10.png	units/dwarves/thunderguard/thunderguard-s-ranged10.png
units/dwarves/thunderguard/thunderguard-s-ranged11.png	units/dwarves/thunderguard/thunderguard-s-ranged11.png
units/dwarves/thunderguard/thunderguard-s-ranged12.png	units/dwarves/thunderguard/thunderguard-s-ranged12.png
units/dwarves/thunderguard/thunderguard-s-ranged2.png	units/dwarves/thunderguard/thunderguard-s-ranged2.png
units/dwarves/thunderguard/thunderguard-s-ranged3.png	units/dwarves/thunderguard/thunderguard-s-ranged3.png
units/dwarves/thunderguard/thunderguard-s-ranged4.png	units/dwarves/thunderguard/thunderguard-s-ranged4.png
units/dwarves/thunderguard/thunderguard-s-ranged5.png	units/dwarves/thunderguard/thunderguard-s-ranged5.png
units/dwarves/thunderguard/thunderguard-s-ranged6.png	units/dwarves/thunderguard/thunderguard-s-ranged6.png
units/dwarves/thunderguard/thunderguard-s-ranged7.png	units/dwarves/thunderguard/thunderguard-s-ranged7.png
units/dwarves/thunderguard/thunderguard-s-ranged8.png	units/dwarves/thunderguard/thunderguard-s-ranged8.png
units/dwarves/thunderguard/thunderguard-s-ranged9.png	units/dwarves/thunderguard/thunderguard-s-ranged9.png
units/dwarves/thunderguard/thunderguard-se-blade1.png	units/dwarves/thunderguard/thunderguard-se-blade1.png
units/dwarves/thunderguard/thunderguard-se-blade2.png	units/dwarves/thunderguard/thunderguard-se-blade2.png
units/dwarves/thunderguard/thunderguard-se-blade3.png	units/dwarves/thunderguard/thunderguard-se-blade3.png
units/dwarves/thunderguard/thunderguard-se-blade4.png	units/dwarves/thunderguard/thunderguard-se-blade4.png
units/dwarves/thunderguard/thunderguard-se-blade5.png	units/dwarves/thunderguard/thunderguard-se-blade5.png
units/dwarves/thunderguard/thunderguard-se-blade6.png	units/dwarves/thunderguard/thunderguard-se-blade6.png
units/dwarves/thunderguard/thunderguard-se-blade7.png	units/dwarves/thunderguard/thunderguard-se-blade7.png
units/dwarves/thunderguard/thunderguard-se-blade8.png	units/dwarves/thunderguard/thunderguard-se-blade8.png
units/dwarves/thunderguard/thunderguard-se-blade9.png	units/dwarves/thunderguard/thunderguard-se-blade9.png
units/dwarves/thunderguard/thunderguard-se-ranged1.png	units/dwarves/thunderguard/thunderguard-se-ranged1.png
units/dwarves/thunderguard/thunderguard-se-ranged10.png	units/dwarves/thunderguard/thunderguard-se-ranged10.png
units/dwarves/thunderguard/thunderguard-se-ranged11.png	units/dwarves/thunderguard/thunderguard-se-ranged11.png
units/dwarves/thunderguard/thunderguard-se-ranged12.png	units/dwarves/thunderguard/thunderguard-se-ranged12.png
units/dwarves/thunderguard/thunderguard-se-ranged2.png	units/dwarves/thunderguard/thunderguard-se-ranged2.png
units/dwarves/thunderguard/thunderguard-se-ranged3.png	units/dwarves/thunderguard/thunderguard-se-ranged3.png
units/dwarves/thunderguard/thunderguard-se-ranged4.png	units/dwarves/thunderguard/thunderguard-se-ranged4.png
units/dwarves/thunderguard/thunderguard-se-ranged5.png	units/dwarves/thunderguard/thunderguard-se-ranged5.png
units/dwarves/thunderguard/thunderguard-se-ranged6.png	units/dwarves/thunderguard/thunderguard-se-ranged6.png
units/dwarves/thunderguard/thunderguard-se-ranged7.png	units/dwarves/thunderguard/thunderguard-se-ranged7.png
units/dwarves/thunderguard/thunderguard-se-ranged8.png	units/dwarves/thunderguard/thunderguard-se-ranged8.png
units/dwarves/thunderguard/thunderguard-se-ranged9.png	units/dwarves/thunderguard/thunderguard-se-ranged9.png
units/dwarves/thunderguard/thunderguard.png	units/dwarves/thunderguard/thunderguard.png
units/dwarves/ulfserker-attack-1.png	units/dwarves/ulfserker-attack-1.png
units/dwarves/ulfserker-attack-2.png	units/dwarves/ulfserker-attack-2.png
units/dwarves/ulfserker-attack-3.png	units/dwarves/ulfserker-attack-3.png
units/dwarves/ulfserker-attack-4.png	units/dwarves/ulfserker-attack-4.png
units/dwarves/ulfserker-attack-5.png	units/dwarves/ulfserker-attack-5.png
units/dwarves/ulfserker-attack-6.png	units/dwarves/ulfserker-attack-6.png
units/dwarves/ulfserker-attack-7.png	units/dwarves/ulfserker-attack-7.png
units/dwarves/ulfserker-attack-8.png	units/dwarves/ulfserker-attack-8.png
units/elves-wood/archer-bow-attack1.png	units/elves-wood/archer-bow-attack1.png
units/elves-wood/archer-bow-attack2.png	units/elves-wood/archer-bow-attack2.png
units/elves-wood/archer-bow-attack3.png	units/elves-wood/archer-bow-attack3.png
units/elves-wood/archer-bow-attack4.png	units/elves-wood/archer-bow-attack4.png
units/elves-wood/archer-bow.png	units/elves-wood/archer-bow.png
units/elves-wood/archer-sword-1.png	units/elves-wood/archer-sword-1.png
units/elves-wood/archer-sword-2.png	units/elves-wood/archer-sword-2.png
units/elves-wood/archer-sword-3.png	units/elves-wood/archer-sword-3.png
units/elves-wood/archer-sword-4.png	units/elves-wood/archer-sword-4.png
units/elves-wood/archer-sword.png	units/elves-wood/archer-sword.png
units/elves-wood/avenger-bow-attack1.png	units/elves-wood/avenger-bow-attack1.png
units/elves-wood/avenger-bow-attack2.png	units/elves-wood/avenger-bow-attack2.png
units/elves-wood/avenger-bow-attack3.png	units/elves-wood/avenger-bow-attack3.png
units/elves-wood/avenger-bow-attack4.png	units/elves-wood/avenger-bow-attack4.png
units/elves-wood/avenger-bow.png	units/elves-wood/avenger-bow.png
units/elves-wood/avenger-sword-1.png	units/elves-wood/avenger-sword-1.png
units/elves-wood/avenger-sword-2.png	units/elves-wood/avenger-sword-2.png
units/elves-wood/avenger-sword-3.png	units/elves-wood/avenger-sword-3.png
units/elves-wood/avenger-sword.png	units/elves-wood/avenger-sword.png
units/elves-wood/captain-bow-attack1.png	units/elves-wood/captain-bow-attack1.png
units/elves-wood/captain-bow-attack2.png	units/elves-wood/captain-bow-attack2.png
units/elves-wood/captain-bow-attack3.png	units/elves-wood/captain-bow-attack3.png
units/elves-wood/captain-bow-attack4.png	units/elves-wood/captain-bow-attack4.png
units/elves-wood/captain-bow.png	units/elves-wood/captain-bow.png
units/elves-wood/captain-melee-1.png	units/elves-wood/captain-melee-1.png
units/elves-wood/captain-melee-2.png	units/elves-wood/captain-melee-2.png
units/elves-wood/captain.png	units/elves-wood/captain.png
units/elves-wood/champion-attack-1.png	units/elves-wood/champion-attack-1.png
units/elves-wood/champion-attack-2.png	units/elves-wood/champion-attack-2.png
units/elves-wood/champion-attack-3.png	units/elves-wood/champion-attack-3.png
units/elves-wood/champion-attack-4.png	units/elves-wood/champion-attack-4.png
units/elves-wood/champion-attack-5.png	units/elves-wood/champion-attack-5.png
units/elves-wood/champion-attack-6.png	units/elves-wood/champion-attack-6.png
units/elves-wood/champion-bow-attack1.png	units/elves-wood/champion-bow-attack1.png
units/elves-wood/champion-bow-attack2.png	units/elves-wood/champion-bow-attack2.png
units/elves-wood/champion-bow-attack3.png	units/elves-wood/champion-bow-attack3.png
units/elves-wood/champion-bow-attack4.png	units/elves-wood/champion-bow-attack4.png
units/elves-wood/champion-bow.png	units/elves-wood/champion-bow.png
units/elves-wood/champion.png	units/elves-wood/champion.png
units/elves-wood/druid-attack.png	units/elves-wood/druid-attack.png
units/elves-wood/druid-magic-1.png	units/elves-wood/druid-magic-1.png
units/elves-wood/druid-magic-2.png	units/elves-wood/druid-magic-2.png
units/elves-wood/druid-magic-3.png	units/elves-wood/druid-magic-3.png
units/elves-wood/druid-magic-4.png	units/elves-wood/druid-magic-4.png
units/elves-wood/druid.png	units/elves-wood/druid.png
units/elves-wood/enchantress-magic-1.png	units/elves-wood/enchantress-magic-1.png
units/elves-wood/enchantress-melee-1.png	units/elves-wood/enchantress-melee-1.png
units/elves-wood/enchantress-melee-2.png	units/elves-wood/enchantress-melee-2.png
units/elves-wood/enchantress-melee-3.png	units/elves-wood/enchantress-melee-3.png
units/elves-wood/enchantress-melee-4.png	units/elves-wood/enchantress-melee-4.png
units/elves-wood/enchantress-melee-5.png	units/elves-wood/enchantress-melee-5.png
units/elves-wood/enchantress-melee-6.png	units/elves-wood/enchantress-melee-6.png
units/elves-wood/fighter/fighter-bow-attack1.png	units/elves-wood/fighter/fighter-bow-attack1.png
units/elves-wood/fighter/fighter-bow-attack2.png	units/elves-wood/fighter/fighter-bow-attack2.png
units/elves-wood/fighter/fighter-bow-attack3.png	units/elves-wood/fighter/fighter-bow-attack3.png
units/elves-wood/fighter/fighter-bow-attack4.png	units/elves-wood/fighter/fighter-bow-attack4.png
units/elves-wood/fighter/fighter-bow.png	units/elves-wood/fighter/fighter-bow.png
units/elves-wood/fighter/fighter-melee-1.png	units/elves-wood/fighter/fighter-melee-1.png
units/elves-wood/fighter/fighter-melee-2.png	units/elves-wood/fighter/fighter-melee-2.png
units/elves-wood/fighter/fighter-melee-3.png	units/elves-wood/fighter/fighter-melee-3.png
units/elves-wood/fighter/fighter-melee-4.png	units/elves-wood/fighter/fighter-melee-4.png
units/elves-wood/fighter/fighter.png	units/elves-wood/fighter/fighter.png
units/elves-wood/hero-bow-attack1.png	units/elves-wood/hero-bow-attack1.png
units/elves-wood/hero-bow-attack2.png	units/elves-wood/hero-bow-attack2.png
units/elves-wood/hero-bow-attack3.png	units/elves-wood/hero-bow-attack3.png
units/elves-wood/hero-bow-attack4.png	units/elves-wood/hero-bow-attack4.png
units/elves-wood/hero-bow.png	units/elves-wood/hero-bow.png
units/elves-wood/hero-defend.png	units/elves-wood/hero-defend.png
units/elves-wood/hero-melee-1.png	units/elves-wood/hero-melee-1.png
units/elves-wood/hero-melee-2.png	units/elves-wood/hero-melee-2.png
units/elves-wood/hero-melee-3.png	units/elves-wood/hero-melee-3.png
units/elves-wood/hero-melee-4.png	units/elves-wood/hero-melee-4.png
units/elves-wood/hero.png	units/elves-wood/hero.png
units/elves-wood/high-lord-attack-sword-1.png	units/elves-wood/high-lord-attack-sword-1.png
units/elves-wood/high-lord-attack-sword-2.png	units/elves-wood/high-lord-attack-sword-2.png
units/elves-wood/high-lord-magic.png	units/elves-wood/high-lord-magic.png
units/elves-wood/high-lord.png	units/elves-wood/high-lord.png
units/elves-wood/lady.png	units/elves-wood/lady.png
units/elves-wood/lord-magic.png	units/elves-wood/lord-magic.png
units/elves-wood/lord-melee.png	units/elves-wood/lord-melee.png
units/elves-wood/lord.png	units/elves-wood/lord.png
units/elves-wood/marksman-bow-attack1.png	units/elves-wood/marksman-bow-attack1.png
units/elves-wood/marksman-bow-attack2.png	units/elves-wood/marksman-bow-attack2.png
units/elves-wood/marksman-bow-attack3.png	units/elves-wood/marksman-bow-attack3.png
units/elves-wood/marksman-bow-attack4.png	units/elves-wood/marksman-bow-attack4.png
units/elves-wood/marksman-bow.png	units/elves-wood/marksman-bow.png
units/elves-wood/marksman-sword-1.png	units/elves-wood/marksman-sword-1.png
units/elves-wood/marksman-sword-2.png	units/elves-wood/marksman-sword-2.png
units/elves-wood/marksman-sword-3.png	units/elves-wood/marksman-sword-3.png
units/elves-wood/marksman-sword.png	units/elves-wood/marksman-sword.png
units/elves-wood/marshal-bow-attack1.png	units/elves-wood/marshal-bow-attack1.png
units/elves-wood/marshal-bow-attack2.png	units/elves-wood/marshal-bow-attack2.png
units/elves-wood/marshal-bow-attack3.png	units/elves-wood/marshal-bow-attack3.png
units/elves-wood/marshal-bow-attack4.png	units/elves-wood/marshal-bow-attack4.png
units/elves-wood/marshal-bow.png	units/elves-wood/marshal-bow.png
units/elves-wood/marshal-melee-1.png	units/elves-wood/marshal-melee-1.png
units/elves-wood/marshal-melee-2.png	units/elves-wood/marshal-melee-2.png
units/elves-wood/marshal.png	units/elves-wood/marshal.png
units/elves-wood/outrider/outrider-melee-0.png	units/elves-wood/outrider/outrider-melee-0.png
units/elves-wood/outrider/outrider-melee-1.png	units/elves-wood/outrider/outrider-melee-1.png
units/elves-wood/outrider/outrider-melee-2.png	units/elves-wood/outrider/outrider-melee-2.png
units/elves-wood/outrider/outrider-melee-3.png	units/elves-wood/outrider/outrider-melee-3.png
units/elves-wood/outrider/outrider-melee-4.png	units/elves-wood/outrider/outrider-melee-4.png
units/elves-wood/outrider/outrider-melee-5.png	units/elves-wood/outrider/outrider-melee-5.png
units/elves-wood/outrider/outrider-melee-6.png	units/elves-wood/outrider/outrider-melee-6.png
units/elves-wood/outrider/outrider.png	units/elves-wood/outrider/outrider.png
units/elves-wood/ranger-bow-attack1.png	units/elves-wood/ranger-bow-attack1.png
units/elves-wood/ranger-bow-attack2.png	units/elves-wood/ranger-bow-attack2.png
units/elves-wood/ranger-bow-attack3.png	units/elves-wood/ranger-bow-attack3.png
units/elves-wood/ranger-bow-attack4.png	units/elves-wood/ranger-bow-attack4.png
units/elves-wood/ranger-bow.png	units/elves-wood/ranger-bow.png
units/elves-wood/ranger-sword-1.png	units/elves-wood/ranger-sword-1.png
units/elves-wood/ranger-sword-2.png	units/elves-wood/ranger-sword-2.png
units/elves-wood/ranger-sword-3.png	units/elves-wood/ranger-sword-3.png
units/elves-wood/ranger-sword.png	units/elves-wood/ranger-sword.png
units/elves-wood/rider/rider.png	units/elves-wood/rider/rider.png
units/elves-wood/scout/scout-bow-attack1.png	units/elves-wood/scout/scout-bow-attack1.png
units/elves-wood/scout/scout-bow-attack2.png	units/elves-wood/scout/scout-bow-attack2.png
units/elves-wood/scout/scout-bow-attack3.png	units/elves-wood/scout/scout-bow-attack3.png
units/elves-wood/scout/scout-bow-attack4.png	units/elves-wood/scout/scout-bow-attack4.png
units/elves-wood/scout/scout-bow.png	units/elves-wood/scout/scout-bow.png
units/elves-wood/scout/scout-melee-1.png	units/elves-wood/scout/scout-melee-1.png
units/elves-wood/scout/scout-melee-2.png	units/elves-wood/scout/scout-melee-2.png
units/elves-wood/scout/scout-melee-3.png	units/elves-wood/scout/scout-melee-3.png
units/elves-wood/scout/scout-melee-4.png	units/elves-wood/scout/scout-melee-4.png
units/elves-wood/scout/scout-melee-5.png	units/elves-wood/scout/scout-melee-5.png
units/elves-wood/shaman-attack.png	units/elves-wood/shaman-attack.png
units/elves-wood/shaman.png	units/elves-wood/shaman.png
units/elves-wood/sharpshooter-bow-attack1.png	units/elves-wood/sharpshooter-bow-attack1.png
units/elves-wood/sharpshooter-bow-attack2.png	units/elves-wood/sharpshooter-bow-attack2.png
units/elves-wood/sharpshooter-bow-attack3.png	units/elves-wood/sharpshooter-bow-attack3.png
units/elves-wood/sharpshooter-bow-attack4.png	units/elves-wood/sharpshooter-bow-attack4.png
units/elves-wood/sharpshooter-bow-attack5.png	units/elves-wood/sharpshooter-bow-attack5.png
units/elves-wood/sharpshooter-bow.png	units/elves-wood/sharpshooter-bow.png
units/elves-wood/sharpshooter-sword-1.png	units/elves-wood/sharpshooter-sword-1.png
units/elves-wood/sharpshooter-sword-2.png	units/elves-wood/sharpshooter-sword-2.png
units/elves-wood/sharpshooter-sword-3.png	units/elves-wood/sharpshooter-sword-3.png
units/elves-wood/sharpshooter-sword.png	units/elves-wood/sharpshooter-sword.png
units/elves-wood/shyde-ftouch-attack1.png	units/elves-wood/shyde-ftouch-attack1.png
units/elves-wood/shyde-ftouch-attack2.png	units/elves-wood/shyde-ftouch-attack2.png
units/elves-wood/shyde-ftouch-attack3.png	units/elves-wood/shyde-ftouch-attack3.png
units/elves-wood/sorceress-magic-1.png	units/elves-wood/sorceress-magic-1.png
units/elves-wood/sorceress-magic-2.png	units/elves-wood/sorceress-magic-2.png
units/elves-wood/sorceress-magic-3.png	units/elves-wood/sorceress-magic-3.png
units/elves-wood/sorceress-melee-attack-1.png	units/elves-wood/sorceress-melee-attack-1.png
units/elves-wood/sorceress-melee-attack-10.png	units/elves-wood/sorceress-melee-attack-10.png
units/elves-wood/sorceress-melee-attack-2.png	units/elves-wood/sorceress-melee-attack-2.png
units/elves-wood/sorceress-melee-attack-3.png	units/elves-wood/sorceress-melee-attack-3.png
units/elves-wood/sorceress-melee-attack-4.png	units/elves-wood/sorceress-melee-attack-4.png
units/elves-wood/sorceress-melee-attack-5.png	units/elves-wood/sorceress-melee-attack-5.png
units/elves-wood/sorceress-melee-attack-6.png	units/elves-wood/sorceress-melee-attack-6.png
units/elves-wood/sorceress-melee-attack-7.png	units/elves-wood/sorceress-melee-attack-7.png
units/elves-wood/sorceress-melee-attack-8.png	units/elves-wood/sorceress-melee-attack-8.png
units/elves-wood/sorceress-melee-attack-9.png	units/elves-wood/sorceress-melee-attack-9.png
units/elves-wood/sylph.png	units/elves-wood/sylph.png
units/goblins/direwolver-attack.png	units/goblins/direwolver-attack.png
units/goblins/direwolver-moving.png	units/goblins/direwolver-moving.png
units/goblins/direwolver.png	units/goblins/direwolver.png
units/goblins/impaler-attack-ranged-s.png	units/goblins/impaler-attack-ranged-s.png
units/goblins/impaler-attack-se-1.png	units/goblins/impaler-attack-se-1.png
units/goblins/impaler-death-1.png	units/goblins/impaler-death-1.png
units/goblins/knight-attack.png	units/goblins/knight-attack.png
units/goblins/knight-moving.png	units/goblins/knight-moving.png
units/goblins/knight.png	units/goblins/knight.png
units/goblins/pillager-attack.png	units/goblins/pillager-attack.png
units/goblins/pillager-attack2.png	units/goblins/pillager-attack2.png
units/goblins/pillager-defend-1.png	units/goblins/pillager-defend-1.png
units/goblins/pillager-moving.png	units/goblins/pillager-moving.png
units/goblins/pillager.png	units/goblins/pillager.png
units/goblins/rouser-attack-n.png	units/goblins/rouser-attack-n.png
units/goblins/rouser-attack-ne.png	units/goblins/rouser-attack-ne.png
units/goblins/rouser-attack-s.png	units/goblins/rouser-attack-s.png
units/goblins/rouser-attack-se.png	units/goblins/rouser-attack-se.png
units/goblins/rouser-attack1.png	units/goblins/rouser-attack1.png
units/goblins/rouser-attack3.png	units/goblins/rouser-attack3.png
units/goblins/rouser-attack4.png	units/goblins/rouser-attack4.png
units/goblins/rouser-defend.png	units/goblins/rouser-defend.png
units/goblins/rouser.png	units/goblins/rouser.png
units/goblins/spearman-attack-n1.png	units/goblins/spearman-attack-n1.png
units/goblins/spearman-attack-ne1.png	units/goblins/spearman-attack-ne1.png
units/goblins/spearman-attack-s1.png	units/goblins/spearman-attack-s1.png
units/goblins/spearman-attack-se1.png	units/goblins/spearman-attack-se1.png
units/goblins/spearman.png	units/goblins/spearman.png
units/goblins/wolf-rider-attack.png	units/goblins/wolf-rider-attack.png
units/goblins/wolf-rider-moving.png	units/goblins/wolf-rider-moving.png
units/goblins/wolf-rider.png	units/goblins/wolf-rider.png
units/human-loyalists/bowman-bow-attack-1.png	units/human-loyalists/bowman-bow-attack-1.png
units/human-loyalists/bowman-bow-attack-2.png	units/human-loyalists/bowman-bow-attack-2.png
units/human-loyalists/bowman-bow-attack-3.png	units/human-loyalists/bowman-bow-attack-3.png
units/human-loyalists/bowman-bow-attack-4.png	units/human-loyalists/bowman-bow-attack-4.png
units/human-loyalists/bowman-bow.png	units/human-loyalists/bowman-bow.png
units/human-loyalists/bowman-melee-attack-1.png	units/human-loyalists/bowman-melee-attack-1.png
units/human-loyalists/bowman-melee-attack-2.png	units/human-loyalists/bowman-melee-attack-2.png
units/human-loyalists/bowman-melee-attack-3.png	units/human-loyalists/bowman-melee-attack-3.png
units/human-loyalists/bowman-melee-attack-4.png	units/human-loyalists/bowman-melee-attack-4.png
units/human-loyalists/bowman-melee-defend-1.png	units/human-loyalists/bowman-melee-defend-1.png
units/human-loyalists/bowman-ne-bow-attack-1.png	units/human-loyalists/bowman-ne-bow-attack-1.png
units/human-loyalists/bowman-ne-bow-attack-2.png	units/human-loyalists/bowman-ne-bow-attack-2.png
units/human-loyalists/bowman-ne-bow-attack-3.png	units/human-loyalists/bowman-ne-bow-attack-3.png
units/human-loyalists/bowman-ne-bow-attack-4.png	units/human-loyalists/bowman-ne-bow-attack-4.png
units/human-loyalists/bowman-ne-bow.png	units/human-loyalists/bowman-ne-bow.png
units/human-loyalists/cavalier/cavalier.png	units/human-loyalists/cavalier/cavalier.png
units/human-loyalists/cavalryman/cavalryman-attack1.png	units/human-loyalists/cavalryman/cavalryman-attack1.png
units/human-loyalists/cavalryman/cavalryman-attack2.png	units/human-loyalists/cavalryman/cavalryman-attack2.png
units/human-loyalists/cavalryman/cavalryman-attack3.png	units/human-loyalists/cavalryman/cavalryman-attack3.png
units/human-loyalists/cavalryman/cavalryman-attack4.png	units/human-loyalists/cavalryman/cavalryman-attack4.png
units/human-loyalists/cavalryman/cavalryman-attack5.png	units/human-loyalists/cavalryman/cavalryman-attack5.png
units/human-loyalists/cavalryman/cavalryman-attack6.png	units/human-loyalists/cavalryman/cavalryman-attack6.png
units/human-loyalists/cavalryman/cavalryman.png	units/human-loyalists/cavalryman/cavalryman.png
units/human-loyalists/dragoon/dragoon-xbow-1.png	units/human-loyalists/dragoon/dragoon-xbow-1.png
units/human-loyalists/dragoon/dragoon-xbow-2.png	units/human-loyalists/dragoon/dragoon-xbow-2.png
units/human-loyalists/dragoon/dragoon-xbow-3.png	units/human-loyalists/dragoon/dragoon-xbow-3.png
units/human-loyalists/dragoon/dragoon-xbow-4.png	units/human-loyalists/dragoon/dragoon-xbow-4.png
units/human-loyalists/dragoon/dragoon.png	units/human-loyalists/dragoon/dragoon.png
units/human-loyalists/duelist-attack.png	units/human-loyalists/duelist-attack.png
units/human-loyalists/duelist-ranged.png	units/human-loyalists/duelist-ranged.png
units/human-loyalists/duelist.png	units/human-loyalists/duelist.png
units/human-loyalists/fencer-attack-1.png	units/human-loyalists/fencer-attack-1.png
units/human-loyalists/fencer-attack-2.png	units/human-loyalists/fencer-attack-2.png
units/human-loyalists/fencer-attack-3.png	units/human-loyalists/fencer-attack-3.png
units/human-loyalists/fencer-attack-4.png	units/human-loyalists/fencer-attack-4.png
units/human-loyalists/fencer-attack-5.png	units/human-loyalists/fencer-attack-5.png
units/human-loyalists/fencer-attack-6.png	units/human-loyalists/fencer-attack-6.png
units/human-loyalists/fencer-attack-7.png	units/human-loyalists/fencer-attack-7.png
units/human-loyalists/fencer-attack-8.png	units/human-loyalists/fencer-attack-8.png
units/human-loyalists/fencer-attack-9.png	units/human-loyalists/fencer-attack-9.png
units/human-loyalists/general-crossbow-attack1.png	units/human-loyalists/general-crossbow-attack1.png
units/human-loyalists/general-crossbow-attack2.png	units/human-loyalists/general-crossbow-attack2.png
units/human-loyalists/general-crossbow.png	units/human-loyalists/general-crossbow.png
units/human-loyalists/general-melee1.png	units/human-loyalists/general-melee1.png
units/human-loyalists/general-melee2.png	units/human-loyalists/general-melee2.png
units/human-loyalists/general-melee3.png	units/human-loyalists/general-melee3.png
units/human-loyalists/general-melee4.png	units/human-loyalists/general-melee4.png
units/human-loyalists/general-melee5.png	units/human-loyalists/general-melee5.png
units/human-loyalists/general-melee6.png	units/human-loyalists/general-melee6.png
units/human-loyalists/general.png	units/human-loyalists/general.png
units/human-loyalists/grand-knight/grand-knight-se-attack1.png	units/human-loyalists/grand-knight/grand-knight-se-attack1.png
units/human-loyalists/grand-knight/grand-knight-se-attack2.png	units/human-loyalists/grand-knight/grand-knight-se-attack2.png
units/human-loyalists/grand-knight/grand-knight-se-attack3.png	units/human-loyalists/grand-knight/grand-knight-se-attack3.png
units/human-loyalists/grand-knight/grand-knight-se-attack4.png	units/human-loyalists/grand-knight/grand-knight-se-attack4.png
units/human-loyalists/grand-knight/grand-knight-se-attack5.png	units/human-loyalists/grand-knight/grand-knight-se-attack5.png
units/human-loyalists/grand-knight/grand-knight-se-attack6.png	units/human-loyalists/grand-knight/grand-knight-se-attack6.png
units/human-loyalists/grand-knight/grand-knight.png	units/human-loyalists/grand-knight/grand-knight.png
units/human-loyalists/halberdier-slash-se-1.png	units/human-loyalists/halberdier-slash-se-1.png
units/human-loyalists/halberdier-slash-se-2.png	units/human-loyalists/halberdier-slash-se-2.png
units/human-loyalists/halberdier-slash-se-3.png	units/human-loyalists/halberdier-slash-se-3.png
units/human-loyalists/halberdier-slash-se-4.png	units/human-loyalists/halberdier-slash-se-4.png
units/human-loyalists/halberdier.png	units/human-loyalists/halberdier.png
units/human-loyalists/heavyinfantry-attack-1.png	units/human-loyalists/heavyinfantry-attack-1.png
units/human-loyalists/heavyinfantry-attack-10.png	units/human-loyalists/heavyinfantry-attack-10.png
units/human-loyalists/heavyinfantry-attack-11.png	units/human-loyalists/heavyinfantry-attack-11.png
units/human-loyalists/heavyinfantry-attack-12.png	units/human-loyalists/heavyinfantry-attack-12.png
units/human-loyalists/heavyinfantry-attack-13.png	units/human-loyalists/heavyinfantry-attack-13.png
units/human-loyalists/heavyinfantry-attack-14.png	units/human-loyalists/heavyinfantry-attack-14.png
units/human-loyalists/heavyinfantry-attack-15.png	units/human-loyalists/heavyinfantry-attack-15.png
units/human-loyalists/heavyinfantry-attack-2.png	units/human-loyalists/heavyinfantry-attack-2.png
units/human-loyalists/heavyinfantry-attack-3.png	units/human-loyalists/heavyinfantry-attack-3.png
units/human-loyalists/heavyinfantry-attack-4.png	units/human-loyalists/heavyinfantry-attack-4.png
units/human-loyalists/heavyinfantry-attack-5.png	units/human-loyalists/heavyinfantry-attack-5.png
units/human-loyalists/heavyinfantry-attack-6.png	units/human-loyalists/heavyinfantry-attack-6.png
units/human-loyalists/heavyinfantry-attack-7.png	units/human-loyalists/heavyinfantry-attack-7.png
units/human-loyalists/heavyinfantry-attack-8.png	units/human-loyalists/heavyinfantry-attack-8.png
units/human-loyalists/heavyinfantry-attack-9.png	units/human-loyalists/heavyinfantry-attack-9.png
units/human-loyalists/heavyinfantry.png	units/human-loyalists/heavyinfantry.png
units/human-loyalists/horseman/horseman-n-attack1.png	units/human-loyalists/horseman/horseman-n-attack1.png
units/human-loyalists/horseman/horseman-n-attack10.png	units/human-loyalists/horseman/horseman-n-attack10.png
units/human-loyalists/horseman/horseman-n-attack11.png	units/human-loyalists/horseman/horseman-n-attack11.png
units/human-loyalists/horseman/horseman-n-attack12.png	units/human-loyalists/horseman/horseman-n-attack12.png
units/human-loyalists/horseman/horseman-n-attack2.png	units/human-loyalists/horseman/horseman-n-attack2.png
units/human-loyalists/horseman/horseman-n-attack3.png	units/human-loyalists/horseman/horseman-n-attack3.png
units/human-loyalists/horseman/horseman-n-attack4.png	units/human-loyalists/horseman/horseman-n-attack4.png
units/human-loyalists/horseman/horseman-n-attack5.png	units/human-loyalists/horseman/horseman-n-attack5.png
units/human-loyalists/horseman/horseman-n-attack6.png	units/human-loyalists/horseman/horseman-n-attack6.png
units/human-loyalists/horseman/horseman-n-attack7.png	units/human-loyalists/horseman/horseman-n-attack7.png
units/human-loyalists/horseman/horseman-n-attack8.png	units/human-loyalists/horseman/horseman-n-attack8.png
units/human-loyalists/horseman/horseman-n-attack9.png	units/human-loyalists/horseman/horseman-n-attack9.png
units/human-loyalists/horseman/horseman-ne-attack1.png	units/human-loyalists/horseman/horseman-ne-attack1.png
units/human-loyalists/horseman/horseman-ne-attack10.png	units/human-loyalists/horseman/horseman-ne-attack10.png
units/human-loyalists/horseman/horseman-ne-attack11.png	units/human-loyalists/horseman/horseman-ne-attack11.png
units/human-loyalists/horseman/horseman-ne-attack12.png	units/human-loyalists/horseman/horseman-ne-attack12.png
units/human-loyalists/horseman/horseman-ne-attack2.png	units/human-loyalists/horseman/horseman-ne-attack2.png
units/human-loyalists/horseman/horseman-ne-attack3.png	units/human-loyalists/horseman/horseman-ne-attack3.png
units/human-loyalists/horseman/horseman-ne-attack4.png	units/human-loyalists/horseman/horseman-ne-attack4.png
units/human-loyalists/horseman/horseman-ne-attack5.png	units/human-loyalists/horseman/horseman-ne-attack5.png
units/human-loyalists/horseman/horseman-ne-attack6.png	units/human-loyalists/horseman/horseman-ne-attack6.png
units/human-loyalists/horseman/horseman-ne-attack7.png	units/human-loyalists/horseman/horseman-ne-attack7.png
units/human-loyalists/horseman/horseman-ne-attack8.png	units/human-loyalists/horseman/horseman-ne-attack8.png
units/human-loyalists/horseman/horseman-ne-attack9.png	units/human-loyalists/horseman/horseman-ne-attack9.png
units/human-loyalists/horseman/horseman-s-attack1.png	units/human-loyalists/horseman/horseman-s-attack1.png
units/human-loyalists/horseman/horseman-s-attack10.png	units/human-loyalists/horseman/horseman-s-attack10.png
units/human-loyalists/horseman/horseman-s-attack11.png	units/human-loyalists/horseman/horseman-s-attack11.png
units/human-loyalists/horseman/horseman-s-attack12.png	units/human-loyalists/horseman/horseman-s-attack12.png
units/human-loyalists/horseman/horseman-s-attack2.png	units/human-loyalists/horseman/horseman-s-attack2.png
units/human-loyalists/horseman/horseman-s-attack3.png	units/human-loyalists/horseman/horseman-s-attack3.png
units/human-loyalists/horseman/horseman-s-attack4.png	units/human-loyalists/horseman/horseman-s-attack4.png
units/human-loyalists/horseman/horseman-s-attack5.png	units/human-loyalists/horseman/horseman-s-attack5.png
units/human-loyalists/horseman/horseman-s-attack6.png	units/human-loyalists/horseman/horseman-s-attack6.png
units/human-loyalists/horseman/horseman-s-attack7.png	units/human-loyalists/horseman/horseman-s-attack7.png
units/human-loyalists/horseman/horseman-s-attack8.png	units/human-loyalists/horseman/horseman-s-attack8.png
units/human-loyalists/horseman/horseman-s-attack9.png	units/human-loyalists/horseman/horseman-s-attack9.png
units/human-loyalists/horseman/horseman-se-attack1.png	units/human-loyalists/horseman/horseman-se-attack1.png
units/human-loyalists/horseman/horseman-se-attack10.png	units/human-loyalists/horseman/horseman-se-attack10.png
units/human-loyalists/horseman/horseman-se-attack11.png	units/human-loyalists/horseman/horseman-se-attack11.png
units/human-loyalists/horseman/horseman-se-attack12.png	units/human-loyalists/horseman/horseman-se-attack12.png
units/human-loyalists/horseman/horseman-se-attack2.png	units/human-loyalists/horseman/horseman-se-attack2.png
units/human-loyalists/horseman/horseman-se-attack3.png	units/human-loyalists/horseman/horseman-se-attack3.png
units/human-loyalists/horseman/horseman-se-attack4.png	units/human-loyalists/horseman/horseman-se-attack4.png
units/human-loyalists/horseman/horseman-se-attack5.png	units/human-loyalists/horseman/horseman-se-attack5.png
units/human-loyalists/horseman/horseman-se-attack6.png	units/human-loyalists/horseman/horseman-se-attack6.png
units/human-loyalists/horseman/horseman-se-attack7.png	units/human-loyalists/horseman/horseman-se-attack7.png
units/human-loyalists/horseman/horseman-se-attack8.png	units/human-loyalists/horseman/horseman-se-attack8.png
units/human-loyalists/horseman/horseman-se-attack9.png	units/human-loyalists/horseman/horseman-se-attack9.png
units/human-loyalists/javelineer-attack-melee-1.png	units/human-loyalists/javelineer-attack-melee-1.png
units/human-loyalists/javelineer-attack-melee-2.png	units/human-loyalists/javelineer-attack-melee-2.png
units/human-loyalists/javelineer-attack-melee-3.png	units/human-loyalists/javelineer-attack-melee-3.png
units/human-loyalists/javelineer-attack-ranged-1.png	units/human-loyalists/javelineer-attack-ranged-1.png
units/human-loyalists/javelineer-attack-ranged-2.png	units/human-loyalists/javelineer-attack-ranged-2.png
units/human-loyalists/javelineer-attack-ranged-3.png	units/human-loyalists/javelineer-attack-ranged-3.png
units/human-loyalists/javelineer-attack-ranged-4.png	units/human-loyalists/javelineer-attack-ranged-4.png
units/human-loyalists/javelineer.png	units/human-loyalists/javelineer.png
units/human-loyalists/knight/knight-n-attack1.png	units/human-loyalists/knight/knight-n-attack1.png
units/human-loyalists/knight/knight-n-attack10.png	units/human-loyalists/knight/knight-n-attack10.png
units/human-loyalists/knight/knight-n-attack11.png	units/human-loyalists/knight/knight-n-attack11.png
units/human-loyalists/knight/knight-n-attack12.png	units/human-loyalists/knight/knight-n-attack12.png
units/human-loyalists/knight/knight-n-attack2.png	units/human-loyalists/knight/knight-n-attack2.png
units/human-loyalists/knight/knight-n-attack3.png	units/human-loyalists/knight/knight-n-attack3.png
units/human-loyalists/knight/knight-n-attack4.png	units/human-loyalists/knight/knight-n-attack4.png
units/human-loyalists/knight/knight-n-attack5.png	units/human-loyalists/knight/knight-n-attack5.png
units/human-loyalists/knight/knight-n-attack6.png	units/human-loyalists/knight/knight-n-attack6.png
units/human-loyalists/knight/knight-n-attack7.png	units/human-loyalists/knight/knight-n-attack7.png
units/human-loyalists/knight/knight-n-attack8.png	units/human-loyalists/knight/knight-n-attack8.png
units/human-loyalists/knight/knight-n-attack9.png	units/human-loyalists/knight/knight-n-attack9.png
units/human-loyalists/knight/knight-n-slash1.png	units/human-loyalists/knight/knight-n-slash1.png
units/human-loyalists/knight/knight-n-slash10.png	units/human-loyalists/knight/knight-n-slash10.png
units/human-loyalists/knight/knight-n-slash11.png	units/human-loyalists/knight/knight-n-slash11.png
units/human-loyalists/knight/knight-n-slash12.png	units/human-loyalists/knight/knight-n-slash12.png
units/human-loyalists/knight/knight-n-slash2.png	units/human-loyalists/knight/knight-n-slash2.png
units/human-loyalists/knight/knight-n-slash3.png	units/human-loyalists/knight/knight-n-slash3.png
units/human-loyalists/knight/knight-n-slash4.png	units/human-loyalists/knight/knight-n-slash4.png
units/human-loyalists/knight/knight-n-slash5.png	units/human-loyalists/knight/knight-n-slash5.png
units/human-loyalists/knight/knight-n-slash6.png	units/human-loyalists/knight/knight-n-slash6.png
units/human-loyalists/knight/knight-n-slash7.png	units/human-loyalists/knight/knight-n-slash7.png
units/human-loyalists/knight/knight-n-slash8.png	units/human-loyalists/knight/knight-n-slash8.png
units/human-loyalists/knight/knight-n-slash9.png	units/human-loyalists/knight/knight-n-slash9.png
units/human-loyalists/knight/knight-ne-attack1.png	units/human-loyalists/knight/knight-ne-attack1.png
units/human-loyalists/knight/knight-ne-attack10.png	units/human-loyalists/knight/knight-ne-attack10.png
units/human-loyalists/knight/knight-ne-attack11.png	units/human-loyalists/knight/knight-ne-attack11.png
units/human-loyalists/knight/knight-ne-attack12.png	units/human-loyalists/knight/knight-ne-attack12.png
units/human-loyalists/knight/knight-ne-attack2.png	units/human-loyalists/knight/knight-ne-attack2.png
units/human-loyalists/knight/knight-ne-attack3.png	units/human-loyalists/knight/knight-ne-attack3.png
units/human-loyalists/knight/knight-ne-attack4.png	units/human-loyalists/knight/knight-ne-attack4.png
units/human-loyalists/knight/knight-ne-attack5.png	units/human-loyalists/knight/knight-ne-attack5.png
units/human-loyalists/knight/knight-ne-attack6.png	units/human-loyalists/knight/knight-ne-attack6.png
units/human-loyalists/knight/knight-ne-attack7.png	units/human-loyalists/knight/knight-ne-attack7.png
units/human-loyalists/knight/knight-ne-attack8.png	units/human-loyalists/knight/knight-ne-attack8.png
units/human-loyalists/knight/knight-ne-attack9.png	units/human-loyalists/knight/knight-ne-attack9.png
units/human-loyalists/knight/knight-ne-slash1.png	units/human-loyalists/knight/knight-ne-slash1.png
units/human-loyalists/knight/knight-ne-slash10.png	units/human-loyalists/knight/knight-ne-slash10.png
units/human-loyalists/knight/knight-ne-slash11.png	units/human-loyalists/knight/knight-ne-slash11.png
units/human-loyalists/knight/knight-ne-slash12.png	units/human-loyalists/knight/knight-ne-slash12.png
units/human-loyalists/knight/knight-ne-slash2.png	units/human-loyalists/knight/knight-ne-slash2.png
units/human-loyalists/knight/knight-ne-slash3.png	units/human-loyalists/knight/knight-ne-slash3.png
units/human-loyalists/knight/knight-ne-slash4.png	units/human-loyalists/knight/knight-ne-slash4.png
units/human-loyalists/knight/knight-ne-slash5.png	units/human-loyalists/knight/knight-ne-slash5.png
units/human-loyalists/knight/knight-ne-slash6.png	units/human-loyalists/knight/knight-ne-slash6.png
units/human-loyalists/knight/knight-ne-slash7.png	units/human-loyalists/knight/knight-ne-slash7.png
units/human-loyalists/knight/knight-ne-slash8.png	units/human-loyalists/knight/knight-ne-slash8.png
units/human-loyalists/knight/knight-ne-slash9.png	units/human-loyalists/knight/knight-ne-slash9.png
units/human-loyalists/knight/knight-s-attack1.png	units/human-loyalists/knight/knight-s-attack1.png
units/human-loyalists/knight/knight-s-attack10.png	units/human-loyalists/knight/knight-s-attack10.png
units/human-loyalists/knight/knight-s-attack11.png	units/human-loyalists/knight/knight-s-attack11.png
units/human-loyalists/knight/knight-s-attack12.png	units/human-loyalists/knight/knight-s-attack12.png
units/human-loyalists/knight/knight-s-attack2.png	units/human-loyalists/knight/knight-s-attack2.png
units/human-loyalists/knight/knight-s-attack3.png	units/human-loyalists/knight/knight-s-attack3.png
units/human-loyalists/knight/knight-s-attack4.png	units/human-loyalists/knight/knight-s-attack4.png
units/human-loyalists/knight/knight-s-attack5.png	units/human-loyalists/knight/knight-s-attack5.png
units/human-loyalists/knight/knight-s-attack6.png	units/human-loyalists/knight/knight-s-attack6.png
units/human-loyalists/knight/knight-s-attack7.png	units/human-loyalists/knight/knight-s-attack7.png
units/human-loyalists/knight/knight-s-attack8.png	units/human-loyalists/knight/knight-s-attack8.png
units/human-loyalists/knight/knight-s-attack9.png	units/human-loyalists/knight/knight-s-attack9.png
units/human-loyalists/knight/knight-s-slash1.png	units/human-loyalists/knight/knight-s-slash1.png
units/human-loyalists/knight/knight-s-slash10.png	units/human-loyalists/knight/knight-s-slash10.png
units/human-loyalists/knight/knight-s-slash11.png	units/human-loyalists/knight/knight-s-slash11.png
units/human-loyalists/knight/knight-s-slash12.png	units/human-loyalists/knight/knight-s-slash12.png
units/human-loyalists/knight/knight-s-slash2.png	units/human-loyalists/knight/knight-s-slash2.png
units/human-loyalists/knight/knight-s-slash3.png	units/human-loyalists/knight/knight-s-slash3.png
units/human-loyalists/knight/knight-s-slash4.png	units/human-loyalists/knight/knight-s-slash4.png
units/human-loyalists/knight/knight-s-slash5.png	units/human-loyalists/knight/knight-s-slash5.png
units/human-loyalists/knight/knight-s-slash6.png	units/human-loyalists/knight/knight-s-slash6.png
units/human-loyalists/knight/knight-s-slash7.png	units/human-loyalists/knight/knight-s-slash7.png
units/human-loyalists/knight/knight-s-slash8.png	units/human-loyalists/knight/knight-s-slash8.png
units/human-loyalists/knight/knight-s-slash9.png	units/human-loyalists/knight/knight-s-slash9.png
units/human-loyalists/knight/knight-se-attack1.png	units/human-loyalists/knight/knight-se-attack1.png
units/human-loyalists/knight/knight-se-attack10.png	units/human-loyalists/knight/knight-se-attack10.png
units/human-loyalists/knight/knight-se-attack11.png	units/human-loyalists/knight/knight-se-attack11.png
units/human-loyalists/knight/knight-se-attack12.png	units/human-loyalists/knight/knight-se-attack12.png
units/human-loyalists/knight/knight-se-attack2.png	units/human-loyalists/knight/knight-se-attack2.png
units/human-loyalists/knight/knight-se-attack3.png	units/human-loyalists/knight/knight-se-attack3.png
units/human-loyalists/knight/knight-se-attack4.png	units/human-loyalists/knight/knight-se-attack4.png
units/human-loyalists/knight/knight-se-attack5.png	units/human-loyalists/knight/knight-se-attack5.png
units/human-loyalists/knight/knight-se-attack6.png	units/human-loyalists/knight/knight-se-attack6.png
units/human-loyalists/knight/knight-se-attack7.png	units/human-loyalists/knight/knight-se-attack7.png
units/human-loyalists/knight/knight-se-attack8.png	units/human-loyalists/knight/knight-se-attack8.png
units/human-loyalists/knight/knight-se-attack9.png	units/human-loyalists/knight/knight-se-attack9.png
units/human-loyalists/knight/knight-se-slash1.png	units/human-loyalists/knight/knight-se-slash1.png
units/human-loyalists/knight/knight-se-slash10.png	units/human-loyalists/knight/knight-se-slash10.png
units/human-loyalists/knight/knight-se-slash11.png	units/human-loyalists/knight/knight-se-slash11.png
units/human-loyalists/knight/knight-se-slash12.png	units/human-loyalists/knight/knight-se-slash12.png
units/human-loyalists/knight/knight-se-slash2.png	units/human-loyalists/knight/knight-se-slash2.png
units/human-loyalists/knight/knight-se-slash3.png	units/human-loyalists/knight/knight-se-slash3.png
units/human-loyalists/knight/knight-se-slash4.png	units/human-loyalists/knight/knight-se-slash4.png
units/human-loyalists/knight/knight-se-slash5.png	units/human-loyalists/knight/knight-se-slash5.png
units/human-loyalists/knight/knight-se-slash6.png	units/human-loyalists/knight/knight-se-slash6.png
units/human-loyalists/knight/knight-se-slash7.png	units/human-loyalists/knight/knight-se-slash7.png
units/human-loyalists/knight/knight-se-slash8.png	units/human-loyalists/knight/knight-se-slash8.png
units/human-loyalists/knight/knight-se-slash9.png	units/human-loyalists/knight/knight-se-slash9.png
units/human-loyalists/lancer/lancer-se-attack1.png	units/human-loyalists/lancer/lancer-se-attack1.png
units/human-loyalists/lieutenant-attack-sword-1.png	units/human-loyalists/lieutenant-attack-sword-1.png
units/human-loyalists/lieutenant-attack-sword-2.png	units/human-loyalists/lieutenant-attack-sword-2.png
units/human-loyalists/lieutenant-attack-sword-3.png	units/human-loyalists/lieutenant-attack-sword-3.png
units/human-loyalists/lieutenant-crossbow-attack1.png	units/human-loyalists/lieutenant-crossbow-attack1.png
units/human-loyalists/lieutenant-crossbow-attack2.png	units/human-loyalists/lieutenant-crossbow-attack2.png
units/human-loyalists/lieutenant-crossbow.png	units/human-loyalists/lieutenant-crossbow.png
units/human-loyalists/lieutenant.png	units/human-loyalists/lieutenant.png
units/human-loyalists/longbowman-bow-attack-1.png	units/human-loyalists/longbowman-bow-attack-1.png
units/human-loyalists/longbowman-bow-attack-2.png	units/human-loyalists/longbowman-bow-attack-2.png
units/human-loyalists/longbowman-bow-attack-3.png	units/human-loyalists/longbowman-bow-attack-3.png
units/human-loyalists/longbowman-bow-attack-4.png	units/human-loyalists/longbowman-bow-attack-4.png
units/human-loyalists/longbowman-bow.png	units/human-loyalists/longbowman-bow.png
units/human-loyalists/longbowman-melee-attack-1.png	units/human-loyalists/longbowman-melee-attack-1.png
units/human-loyalists/longbowman-melee-attack-2.png	units/human-loyalists/longbowman-melee-attack-2.png
units/human-loyalists/longbowman-melee-attack-3.png	units/human-loyalists/longbowman-melee-attack-3.png
units/human-loyalists/longbowman-melee-attack-4.png	units/human-loyalists/longbowman-melee-attack-4.png
units/human-loyalists/longbowman-melee-defend-1.png	units/human-loyalists/longbowman-melee-defend-1.png
units/human-loyalists/marshal-attack-sword1.png	units/human-loyalists/marshal-attack-sword1.png
units/human-loyalists/marshal-attack-sword2.png	units/human-loyalists/marshal-attack-sword2.png
units/human-loyalists/marshal-attack-sword3.png	units/human-loyalists/marshal-attack-sword3.png
units/human-loyalists/marshal-attack-sword4.png	units/human-loyalists/marshal-attack-sword4.png
units/human-loyalists/marshal-attack-sword5.png	units/human-loyalists/marshal-attack-sword5.png
units/human-loyalists/marshal-crossbow-attack1.png	units/human-loyalists/marshal-crossbow-attack1.png
units/human-loyalists/marshal-crossbow-attack2.png	units/human-loyalists/marshal-crossbow-attack2.png
units/human-loyalists/marshal-crossbow.png	units/human-loyalists/marshal-crossbow.png
units/human-loyalists/marshal-defend-1.png	units/human-loyalists/marshal-defend-1.png
units/human-loyalists/marshal.png	units/human-loyalists/marshal.png
units/human-loyalists/master-at-arms-crossbow-1.png	units/human-loyalists/master-at-arms-crossbow-1.png
units/human-loyalists/master-at-arms-crossbow-2.png	units/human-loyalists/master-at-arms-crossbow-2.png
units/human-loyalists/master-at-arms-crossbow-3.png	units/human-loyalists/master-at-arms-crossbow-3.png
units/human-loyalists/master-at-arms-crossbow-4.png	units/human-loyalists/master-at-arms-crossbow-4.png
units/human-loyalists/master-at-arms-crossbow-5.png	units/human-loyalists/master-at-arms-crossbow-5.png
units/human-loyalists/master-at-arms-crossbow-6.png	units/human-loyalists/master-at-arms-crossbow-6.png
units/human-loyalists/master-at-arms-melee-1-3.png	units/human-loyalists/master-at-arms-melee-1-3.png
units/human-loyalists/master-at-arms-melee-2-1.png	units/human-loyalists/master-at-arms-melee-2-1.png
units/human-loyalists/master-at-arms-melee-2-2.png	units/human-loyalists/master-at-arms-melee-2-2.png
units/human-loyalists/master-at-arms-melee-3-3.png	units/human-loyalists/master-at-arms-melee-3-3.png
units/human-loyalists/master-at-arms-recover-1.png	units/human-loyalists/master-at-arms-recover-1.png
units/human-loyalists/master-at-arms-recover-2.png	units/human-loyalists/master-at-arms-recover-2.png
units/human-loyalists/master-at-arms.png	units/human-loyalists/master-at-arms.png
units/human-loyalists/masterbowman-bow-attack-1.png	units/human-loyalists/masterbowman-bow-attack-1.png
units/human-loyalists/masterbowman-bow-attack-2.png	units/human-loyalists/masterbowman-bow-attack-2.png
units/human-loyalists/masterbowman-bow-attack-3.png	units/human-loyalists/masterbowman-bow-attack-3.png
units/human-loyalists/masterbowman-bow-attack-4.png	units/human-loyalists/masterbowman-bow-attack-4.png
units/human-loyalists/masterbowman-bow.png	units/human-loyalists/masterbowman-bow.png
units/human-loyalists/masterbowman-melee-attack-1.png	units/human-loyalists/masterbowman-melee-attack-1.png
units/human-loyalists/masterbowman-melee-attack-2.png	units/human-loyalists/masterbowman-melee-attack-2.png
units/human-loyalists/masterbowman-melee-attack-3.png	units/human-loyalists/masterbowman-melee-attack-3.png
units/human-loyalists/masterbowman-melee-attack-4.png	units/human-loyalists/masterbowman-melee-attack-4.png
units/human-loyalists/masterbowman-melee-defend-1.png	units/human-loyalists/masterbowman-melee-defend-1.png
units/human-loyalists/paladin/paladin.png	units/human-loyalists/paladin/paladin.png
units/human-loyalists/pikeman-attack-n.png	units/human-loyalists/pikeman-attack-n.png
units/human-loyalists/pikeman-attack-ne.png	units/human-loyalists/pikeman-attack-ne.png
units/human-loyalists/pikeman-attack-s.png	units/human-loyalists/pikeman-attack-s.png
units/human-loyalists/pikeman-attack-se.png	units/human-loyalists/pikeman-attack-se.png
units/human-loyalists/pikeman.png	units/human-loyalists/pikeman.png
units/human-loyalists/royal-warrior-attack1.png	units/human-loyalists/royal-warrior-attack1.png
units/human-loyalists/royal-warrior-attack2.png	units/human-loyalists/royal-warrior-attack2.png
units/human-loyalists/royal-warrior.png	units/human-loyalists/royal-warrior.png
units/human-loyalists/royalguard-attack-sword1.png	units/human-loyalists/royalguard-attack-sword1.png
units/human-loyalists/royalguard-attack-sword2.png	units/human-loyalists/royalguard-attack-sword2.png
units/human-loyalists/royalguard-attack-sword3.png	units/human-loyalists/royalguard-attack-sword3.png
units/human-loyalists/royalguard-attack-sword4.png	units/human-loyalists/royalguard-attack-sword4.png
units/human-loyalists/royalguard-attack-sword5.png	units/human-loyalists/royalguard-attack-sword5.png
units/human-loyalists/royalguard.png	units/human-loyalists/royalguard.png
units/human-loyalists/sergeant-attack-sword-1.png	units/human-loyalists/sergeant-attack-sword-1.png
units/human-loyalists/sergeant-attack-sword-2.png	units/human-loyalists/sergeant-attack-sword-2.png
units/human-loyalists/sergeant-attack-sword-3.png	units/human-loyalists/sergeant-attack-sword-3.png
units/human-loyalists/sergeant-attack-sword-4.png	units/human-loyalists/sergeant-attack-sword-4.png
units/human-loyalists/sergeant-crossbow-attack1.png	units/human-loyalists/sergeant-crossbow-attack1.png
units/human-loyalists/sergeant-crossbow-attack2.png	units/human-loyalists/sergeant-crossbow-attack2.png
units/human-loyalists/sergeant-crossbow.png	units/human-loyalists/sergeant-crossbow.png
units/human-loyalists/sergeant.png	units/human-loyalists/sergeant.png
units/human-loyalists/shocktrooper-attack-1.png	units/human-loyalists/shocktrooper-attack-1.png
units/human-loyalists/shocktrooper-attack-2.png	units/human-loyalists/shocktrooper-attack-2.png
units/human-loyalists/shocktrooper-attack-3.png	units/human-loyalists/shocktrooper-attack-3.png
units/human-loyalists/shocktrooper-attack-4.png	units/human-loyalists/shocktrooper-attack-4.png
units/human-loyalists/shocktrooper-attack-5.png	units/human-loyalists/shocktrooper-attack-5.png
units/human-loyalists/shocktrooper-attack-6.png	units/human-loyalists/shocktrooper-attack-6.png
units/human-loyalists/siegetrooper-attack-1.png	units/human-loyalists/siegetrooper-attack-1.png
units/human-loyalists/siegetrooper-attack-2.png	units/human-loyalists/siegetrooper-attack-2.png
units/human-loyalists/siegetrooper-attack-3.png	units/human-loyalists/siegetrooper-attack-3.png
units/human-loyalists/siegetrooper-attack-4.png	units/human-loyalists/siegetrooper-attack-4.png
units/human-loyalists/siegetrooper-attack-5.png	units/human-loyalists/siegetrooper-attack-5.png
units/human-loyalists/siegetrooper-attack-6.png	units/human-loyalists/siegetrooper-attack-6.png
units/human-loyalists/spearman-attack-n-1.png	units/human-loyalists/spearman-attack-n-1.png
units/human-loyalists/spearman-attack-n-10.png	units/human-loyalists/spearman-attack-n-10.png
units/human-loyalists/spearman-attack-n-11.png	units/human-loyalists/spearman-attack-n-11.png
units/human-loyalists/spearman-attack-n-12.png	units/human-loyalists/spearman-attack-n-12.png
units/human-loyalists/spearman-attack-n-2.png	units/human-loyalists/spearman-attack-n-2.png
units/human-loyalists/spearman-attack-n-3.png	units/human-loyalists/spearman-attack-n-3.png
units/human-loyalists/spearman-attack-n-4.png	units/human-loyalists/spearman-attack-n-4.png
units/human-loyalists/spearman-attack-n-5.png	units/human-loyalists/spearman-attack-n-5.png
units/human-loyalists/spearman-attack-n-6.png	units/human-loyalists/spearman-attack-n-6.png
units/human-loyalists/spearman-attack-n-7.png	units/human-loyalists/spearman-attack-n-7.png
units/human-loyalists/spearman-attack-n-8.png	units/human-loyalists/spearman-attack-n-8.png
units/human-loyalists/spearman-attack-n-9.png	units/human-loyalists/spearman-attack-n-9.png
units/human-loyalists/spearman-attack-ne-1.png	units/human-loyalists/spearman-attack-ne-1.png
units/human-loyalists/spearman-attack-ne-2.png	units/human-loyalists/spearman-attack-ne-2.png
units/human-loyalists/spearman-attack-ranged1.png	units/human-loyalists/spearman-attack-ranged1.png
units/human-loyalists/spearman-attack-ranged2.png	units/human-loyalists/spearman-attack-ranged2.png
units/human-loyalists/spearman-attack-ranged3.png	units/human-loyalists/spearman-attack-ranged3.png
units/human-loyalists/spearman-attack-s-2.png	units/human-loyalists/spearman-attack-s-2.png
units/human-loyalists/spearman-attack-s-3.png	units/human-loyalists/spearman-attack-s-3.png
units/human-loyalists/spearman-attack-se-1.png	units/human-loyalists/spearman-attack-se-1.png
units/human-loyalists/spearman-attack-se-2.png	units/human-loyalists/spearman-attack-se-2.png
units/human-loyalists/spearman-attack-se-3.png	units/human-loyalists/spearman-attack-se-3.png
units/human-loyalists/spearman.png	units/human-loyalists/spearman.png
units/human-loyalists/swordsman-attack-se-1.png	units/human-loyalists/swordsman-attack-se-1.png
units/human-loyalists/swordsman-attack-se-2.png	units/human-loyalists/swordsman-attack-se-2.png
units/human-loyalists/swordsman-attack-se-3.png	units/human-loyalists/swordsman-attack-se-3.png
units/human-loyalists/swordsman-attack-se-4.png	units/human-loyalists/swordsman-attack-se-4.png
units/human-loyalists/swordsman-attack-se-5.png	units/human-loyalists/swordsman-attack-se-5.png
units/human-loyalists/swordsman-attack-se-6.png	units/human-loyalists/swordsman-attack-se-6.png
units/human-loyalists/swordsman-attack-se-7.png	units/human-loyalists/swordsman-attack-se-7.png
units/human-loyalists/swordsman-attack-se-8.png	units/human-loyalists/swordsman-attack-se-8.png
units/human-loyalists/swordsman.png	units/human-loyalists/swordsman.png
units/human-magi/arch-mage-attack-magic-1.png	units/human-magi/arch-mage-attack-magic-1.png
units/human-magi/arch-mage-attack-magic-2.png	units/human-magi/arch-mage-attack-magic-2.png
units/human-magi/arch-mage-attack-staff-1.png	units/human-magi/arch-mage-attack-staff-1.png
units/human-magi/arch-mage-attack-staff-2.png	units/human-magi/arch-mage-attack-staff-2.png
units/human-magi/arch-mage.png	units/human-magi/arch-mage.png
units/human-magi/elder-mage-melee1.png	units/human-magi/elder-mage-melee1.png
units/human-magi/elder-mage-melee2.png	units/human-magi/elder-mage-melee2.png
units/human-magi/elder-mage-ranged1.png	units/human-magi/elder-mage-ranged1.png
units/human-magi/elder-mage-ranged2.png	units/human-magi/elder-mage-ranged2.png
units/human-magi/elder-mage-ranged3.png	units/human-magi/elder-mage-ranged3.png
units/human-magi/elder-mage.png	units/human-magi/elder-mage.png
units/human-magi/great-mage-attack-magic-1.png	units/human-magi/great-mage-attack-magic-1.png
units/human-magi/great-mage-attack-magic-2.png	units/human-magi/great-mage-attack-magic-2.png
units/human-magi/great-mage-attack-staff-1.png	units/human-magi/great-mage-attack-staff-1.png
units/human-magi/great-mage-attack-staff-2.png	units/human-magi/great-mage-attack-staff-2.png
units/human-magi/great-mage.png	units/human-magi/great-mage.png
units/human-magi/mage-attack-magic1.png	units/human-magi/mage-attack-magic1.png
units/human-magi/mage-attack-magic2.png	units/human-magi/mage-attack-magic2.png
units/human-magi/mage-attack-staff1.png	units/human-magi/mage-attack-staff1.png
units/human-magi/mage-attack-staff2.png	units/human-magi/mage-attack-staff2.png
units/human-magi/mage.png	units/human-magi/mage.png
units/human-magi/red-mage-attack-magic-1.png	units/human-magi/red-mage-attack-magic-1.png
units/human-magi/red-mage-attack-magic-2.png	units/human-magi/red-mage-attack-magic-2.png
units/human-magi/red-mage-attack-staff-1.png	units/human-magi/red-mage-attack-staff-1.png
units/human-magi/red-mage-attack-staff-2.png	units/human-magi/red-mage-attack-staff-2.png
units/human-magi/red-mage.png	units/human-magi/red-mage.png
units/human-magi/silver-mage-attack-magic1.png	units/human-magi/silver-mage-attack-magic1.png
units/human-magi/silver-mage-attack-magic2.png	units/human-magi/silver-mage-attack-magic2.png
units/human-magi/silver-mage-attack-staff1.png	units/human-magi/silver-mage-attack-staff1.png
units/human-magi/silver-mage-attack-staff2.png	units/human-magi/silver-mage-attack-staff2.png
units/human-magi/silver-mage.png	units/human-magi/silver-mage.png
units/human-magi/white-cleric-mace-1.png	units/human-magi/white-cleric-mace-1.png
units/human-magi/white-cleric-mace-2.png	units/human-magi/white-cleric-mace-2.png
units/human-magi/white-cleric-mace-3.png	units/human-magi/white-cleric-mace-3.png
units/human-magi/white-cleric-mace-4.png	units/human-magi/white-cleric-mace-4.png
units/human-magi/white-cleric-magic-1.png	units/human-magi/white-cleric-magic-1.png
units/human-magi/white-cleric-magic-2.png	units/human-magi/white-cleric-magic-2.png
units/human-magi/white-cleric-magic-3.png	units/human-magi/white-cleric-magic-3.png
units/human-magi/white-mage-magic-1.png	units/human-magi/white-mage-magic-1.png
units/human-magi/white-mage-magic-2.png	units/human-magi/white-mage-magic-2.png
units/human-magi/white-mage-magic-3.png	units/human-magi/white-mage-magic-3.png
units/human-magi/white-mage-melee-1.png	units/human-magi/white-mage-melee-1.png
units/human-magi/white-mage-melee-2.png	units/human-magi/white-mage-melee-2.png
units/human-magi/white-mage-melee-3.png	units/human-magi/white-mage-melee-3.png
units/human-magi/white-mage-melee-4.png	units/human-magi/white-mage-melee-4.png
units/human-magi/white-mage-melee-5.png	units/human-magi/white-mage-melee-5.png
units/human-magi/white-mage-melee-6.png	units/human-magi/white-mage-melee-6.png
units/human-magi/white-mage.png	units/human-magi/white-mage.png
units/human-outlaws/assassin-melee-2-1.png	units/human-outlaws/assassin-melee-2-1.png
units/human-outlaws/assassin-melee-2-2.png	units/human-outlaws/assassin-melee-2-2.png
units/human-outlaws/assassin-throwknife1.png	units/human-outlaws/assassin-throwknife1.png
units/human-outlaws/assassin-throwknife2.png	units/human-outlaws/assassin-throwknife2.png
units/human-outlaws/assassin.png	units/human-outlaws/assassin.png
units/human-outlaws/bandit-melee-1.png	units/human-outlaws/bandit-melee-1.png
units/human-outlaws/bandit-melee-2.png	units/human-outlaws/bandit-melee-2.png
units/human-outlaws/bandit-melee-3.png	units/human-outlaws/bandit-melee-3.png
units/human-outlaws/bandit-melee-4.png	units/human-outlaws/bandit-melee-4.png
units/human-outlaws/bandit-melee-5.png	units/human-outlaws/bandit-melee-5.png
units/human-outlaws/bandit-melee-6.png	units/human-outlaws/bandit-melee-6.png
units/human-outlaws/bandit-melee-7.png	units/human-outlaws/bandit-melee-7.png
units/human-outlaws/bandit-melee-8.png	units/human-outlaws/bandit-melee-8.png
units/human-outlaws/footpad-attack1.png	units/human-outlaws/footpad-attack1.png
units/human-outlaws/footpad-attack2.png	units/human-outlaws/footpad-attack2.png
units/human-outlaws/footpad-melee-1.png	units/human-outlaws/footpad-melee-1.png
units/human-outlaws/footpad-melee-2.png	units/human-outlaws/footpad-melee-2.png
units/human-outlaws/footpad-melee-3.png	units/human-outlaws/footpad-melee-3.png
units/human-outlaws/footpad-melee-4.png	units/human-outlaws/footpad-melee-4.png
units/human-outlaws/footpad.png	units/human-outlaws/footpad.png
units/human-outlaws/fugitive-melee-1.png	units/human-outlaws/fugitive-melee-1.png
units/human-outlaws/fugitive-melee-2.png	units/human-outlaws/fugitive-melee-2.png
units/human-outlaws/fugitive-melee-3.png	units/human-outlaws/fugitive-melee-3.png
units/human-outlaws/fugitive-ranged-1.png	units/human-outlaws/fugitive-ranged-1.png
units/human-outlaws/fugitive-ranged-2.png	units/human-outlaws/fugitive-ranged-2.png
units/human-outlaws/highwayman-melee-1.png	units/human-outlaws/highwayman-melee-1.png
units/human-outlaws/highwayman-melee-2.png	units/human-outlaws/highwayman-melee-2.png
units/human-outlaws/highwayman-melee-3.png	units/human-outlaws/highwayman-melee-3.png
units/human-outlaws/highwayman-melee-4.png	units/human-outlaws/highwayman-melee-4.png
units/human-outlaws/highwayman-melee-5.png	units/human-outlaws/highwayman-melee-5.png
units/human-outlaws/highwayman-melee-6.png	units/human-outlaws/highwayman-melee-6.png
units/human-outlaws/highwayman-melee-7.png	units/human-outlaws/highwayman-melee-7.png
units/human-outlaws/highwayman-melee-8.png	units/human-outlaws/highwayman-melee-8.png
units/human-outlaws/huntsman-attack-melee.png	units/human-outlaws/huntsman-attack-melee.png
units/human-outlaws/huntsman-attack1.png	units/human-outlaws/huntsman-attack1.png
units/human-outlaws/huntsman-attack2.png	units/human-outlaws/huntsman-attack2.png
units/human-outlaws/huntsman-attack3.png	units/human-outlaws/huntsman-attack3.png
units/human-outlaws/huntsman-bow.png	units/human-outlaws/huntsman-bow.png
units/human-outlaws/huntsman.png	units/human-outlaws/huntsman.png
units/human-outlaws/outlaw-attack1.png	units/human-outlaws/outlaw-attack1.png
units/human-outlaws/outlaw-attack2.png	units/human-outlaws/outlaw-attack2.png
units/human-outlaws/outlaw-melee-1.png	units/human-outlaws/outlaw-melee-1.png
units/human-outlaws/outlaw-melee-2.png	units/human-outlaws/outlaw-melee-2.png
units/human-outlaws/outlaw-melee-3.png	units/human-outlaws/outlaw-melee-3.png
units/human-outlaws/poacher-attack.png	units/human-outlaws/poacher-attack.png
units/human-outlaws/poacher-bow-attack1.png	units/human-outlaws/poacher-bow-attack1.png
units/human-outlaws/poacher-bow-attack2.png	units/human-outlaws/poacher-bow-attack2.png
units/human-outlaws/poacher-bow-attack3.png	units/human-outlaws/poacher-bow-attack3.png
units/human-outlaws/poacher-bow-attack4.png	units/human-outlaws/poacher-bow-attack4.png
units/human-outlaws/poacher-bow-attack5.png	units/human-outlaws/poacher-bow-attack5.png
units/human-outlaws/poacher-bow-attack6.png	units/human-outlaws/poacher-bow-attack6.png
units/human-outlaws/poacher-bow-attack7.png	units/human-outlaws/poacher-bow-attack7.png
units/human-outlaws/poacher-dagger-defend1.png	units/human-outlaws/poacher-dagger-defend1.png
units/human-outlaws/poacher-dagger.png	units/human-outlaws/poacher-dagger.png
units/human-outlaws/ranger-bow-attack1.png	units/human-outlaws/ranger-bow-attack1.png
units/human-outlaws/ranger-bow-attack2.png	units/human-outlaws/ranger-bow-attack2.png
units/human-outlaws/ranger-bow-attack3.png	units/human-outlaws/ranger-bow-attack3.png
units/human-outlaws/ranger-bow-attack4.png	units/human-outlaws/ranger-bow-attack4.png
units/human-outlaws/ranger-bow.png	units/human-outlaws/ranger-bow.png
units/human-outlaws/ranger-sword-attack1.png	units/human-outlaws/ranger-sword-attack1.png
units/human-outlaws/ranger-sword-attack2.png	units/human-outlaws/ranger-sword-attack2.png
units/human-outlaws/ranger-sword-attack3.png	units/human-outlaws/ranger-sword-attack3.png
units/human-outlaws/ranger-sword-attack4.png	units/human-outlaws/ranger-sword-attack4.png
units/human-outlaws/ranger-sword-defend-1.png	units/human-outlaws/ranger-sword-defend-1.png
units/human-outlaws/rogue.png	units/human-outlaws/rogue.png
units/human-outlaws/thief-attack.png	units/human-outlaws/thief-attack.png
units/human-outlaws/thief.png	units/human-outlaws/thief.png
units/human-outlaws/thug-melee-1.png	units/human-outlaws/thug-melee-1.png
units/human-outlaws/thug-melee-2.png	units/human-outlaws/thug-melee-2.png
units/human-outlaws/thug-melee-3.png	units/human-outlaws/thug-melee-3.png
units/human-outlaws/thug-melee-4.png	units/human-outlaws/thug-melee-4.png
units/human-outlaws/thug-melee-5.png	units/human-outlaws/thug-melee-5.png
units/human-outlaws/thug-melee-6.png	units/human-outlaws/thug-melee-6.png
units/human-outlaws/thug-melee-7.png	units/human-outlaws/thug-melee-7.png
units/human-outlaws/thug-melee-8.png	units/human-outlaws/thug-melee-8.png
units/human-outlaws/trapper-bow-attack1.png	units/human-outlaws/trapper-bow-attack1.png
units/human-outlaws/trapper-bow-attack2.png	units/human-outlaws/trapper-bow-attack2.png
units/human-outlaws/trapper-bow-attack3.png	units/human-outlaws/trapper-bow-attack3.png
units/human-outlaws/trapper-bow-attack4.png	units/human-outlaws/trapper-bow-attack4.png
units/human-outlaws/trapper-bow-attack5.png	units/human-outlaws/trapper-bow-attack5.png
units/human-outlaws/trapper-bow-attack6.png	units/human-outlaws/trapper-bow-attack6.png
units/human-outlaws/trapper-bow-attack7.png	units/human-outlaws/trapper-bow-attack7.png
units/human-outlaws/trapper-bow.png	units/human-outlaws/trapper-bow.png
units/human-outlaws/trapper.png	units/human-outlaws/trapper.png
units/human-peasants/peasant-ranged1.png	units/human-peasants/peasant-ranged1.png
units/human-peasants/peasant-ranged2.png	units/human-peasants/peasant-ranged2.png
units/human-peasants/ruffian-attack-1.png	units/human-peasants/ruffian-attack-1.png
units/human-peasants/ruffian-attack-2.png	units/human-peasants/ruffian-attack-2.png
units/human-peasants/ruffian-attack-3.png	units/human-peasants/ruffian-attack-3.png
units/human-peasants/ruffian-attack-4.png	units/human-peasants/ruffian-attack-4.png
units/human-peasants/ruffian-attack-5.png	units/human-peasants/ruffian-attack-5.png
units/human-peasants/ruffian-attack-6.png	units/human-peasants/ruffian-attack-6.png
units/human-peasants/ruffian-attack-7.png	units/human-peasants/ruffian-attack-7.png
units/human-peasants/ruffian-attack-8.png	units/human-peasants/ruffian-attack-8.png
units/human-peasants/ruffian-attack-9.png	units/human-peasants/ruffian-attack-9.png
units/human-peasants/woodsman-bow-attack-1.png	units/human-peasants/woodsman-bow-attack-1.png
units/human-peasants/woodsman-bow-attack-2.png	units/human-peasants/woodsman-bow-attack-2.png
units/human-peasants/woodsman-bow-attack-3.png	units/human-peasants/woodsman-bow-attack-3.png
units/human-peasants/woodsman-bow-attack-4.png	units/human-peasants/woodsman-bow-attack-4.png
units/human-peasants/woodsman-bow.png	units/human-peasants/woodsman-bow.png
units/human-peasants/woodsman-melee-1.png	units/human-peasants/woodsman-melee-1.png
units/human-peasants/woodsman-melee-2.png	units/human-peasants/woodsman-melee-2.png
units/human-peasants/woodsman.png	units/human-peasants/woodsman.png
units/merfolk/brawler-fist-1.png	units/merfolk/brawler-fist-1.png
units/merfolk/brawler-fist-2.png	units/merfolk/brawler-fist-2.png
units/merfolk/brawler-fist-3.png	units/merfolk/brawler-fist-3.png
units/merfolk/brawler-tail-land-1.png	units/merfolk/brawler-tail-land-1.png
units/merfolk/brawler-tail-land-2.png	units/merfolk/brawler-tail-land-2.png
units/merfolk/brawler-tail-land-3.png	units/merfolk/brawler-tail-land-3.png
units/merfolk/brawler-tail-land-4.png	units/merfolk/brawler-tail-land-4.png
units/merfolk/brawler-tail-land-5.png	units/merfolk/brawler-tail-land-5.png
units/merfolk/brawler.png	units/merfolk/brawler.png
units/merfolk/citizen-fist-1.png	units/merfolk/citizen-fist-1.png
units/merfolk/citizen-fist-2.png	units/merfolk/citizen-fist-2.png
units/merfolk/citizen-fist-3.png	units/merfolk/citizen-fist-3.png
units/merfolk/citizen.png	units/merfolk/citizen.png
units/merfolk/diviner.png	units/merfolk/diviner.png
units/merfolk/enchantress.png	units/merfolk/enchantress.png
units/merfolk/entangler.png	units/merfolk/entangler.png
units/merfolk/fighter-attack-1.png	units/merfolk/fighter-attack-1.png
units/merfolk/fighter-attack-2.png	units/merfolk/fighter-attack-2.png
units/merfolk/fighter-attack-3.png	units/merfolk/fighter-attack-3.png
units/merfolk/fighter-attack-4.png	units/merfolk/fighter-attack-4.png
units/merfolk/fighter-attack-5.png	units/merfolk/fighter-attack-5.png
units/merfolk/fighter-attack-6.png	units/merfolk/fighter-attack-6.png
units/merfolk/fighter.png	units/merfolk/fighter.png
units/merfolk/hoplite.png	units/merfolk/hoplite.png
units/merfolk/hunter-javelin-base.png	units/merfolk/hunter-javelin-base.png
units/merfolk/hunter-throw-1.png	units/merfolk/hunter-throw-1.png
units/merfolk/hunter-throw-2.png	units/merfolk/hunter-throw-2.png
units/merfolk/hunter-throw-3.png	units/merfolk/hunter-throw-3.png
units/merfolk/hunter-throw-4.png	units/merfolk/hunter-throw-4.png
units/merfolk/hunter-throw-5.png	units/merfolk/hunter-throw-5.png
units/merfolk/hunter-throw-6.png	units/merfolk/hunter-throw-6.png
units/merfolk/hunter-throw-7.png	units/merfolk/hunter-throw-7.png
units/merfolk/hunter-throw-8.png	units/merfolk/hunter-throw-8.png
units/merfolk/initiate-magic-1.png	units/merfolk/initiate-magic-1.png
units/merfolk/initiate-magic-2.png	units/merfolk/initiate-magic-2.png
units/merfolk/initiate-staff-attack-1.png	units/merfolk/initiate-staff-attack-1.png
units/merfolk/initiate-staff-attack-2.png	units/merfolk/initiate-staff-attack-2.png
units/merfolk/initiate.png	units/merfolk/initiate.png
units/merfolk/javelineer.png	units/merfolk/javelineer.png
units/merfolk/netcaster.png	units/merfolk/netcaster.png
units/merfolk/priestess.png	units/merfolk/priestess.png
units/merfolk/siren-magic-1.png	units/merfolk/siren-magic-1.png
units/merfolk/siren-magic-2.png	units/merfolk/siren-magic-2.png
units/merfolk/siren.png	units/merfolk/siren.png
units/merfolk/spearman.png	units/merfolk/spearman.png
units/merfolk/triton.png	units/merfolk/triton.png
units/merfolk/warrior-attack-1.png	units/merfolk/warrior-attack-1.png
units/merfolk/warrior-attack-2.png	units/merfolk/warrior-attack-2.png
units/merfolk/warrior-attack-3.png	units/merfolk/warrior-attack-3.png
units/merfolk/warrior-attack-4.png	units/merfolk/warrior-attack-4.png
units/merfolk/warrior-attack-5.png	units/merfolk/warrior-attack-5.png
units/merfolk/warrior-attack-6.png	units/merfolk/warrior-attack-6.png
units/merfolk/warrior-attack-7.png	units/merfolk/warrior-attack-7.png
units/merfolk/warrior-attack-8.png	units/merfolk/warrior-attack-8.png
units/merfolk/warrior-attack-9.png	units/merfolk/warrior-attack-9.png
units/merfolk/warrior.png	units/merfolk/warrior.png
units/monsters/ant/ant-attack.png	units/monsters/ant/ant-attack.png
units/monsters/ant/fire-ant.png	units/monsters/ant/fire-ant.png
units/monsters/ant/fire-queen.png	units/monsters/ant/fire-queen.png
units/monsters/ant/firebane-ant.png	units/monsters/ant/firebane-ant.png
units/monsters/ant/firebomb-ant.png	units/monsters/ant/firebomb-ant.png
units/monsters/ant/queen-attack1.png	units/monsters/ant/queen-attack1.png
units/monsters/ant/queen-attack2.png	units/monsters/ant/queen-attack2.png
units/monsters/ant/queen.png	units/monsters/ant/queen.png
units/monsters/ant/soldier-attack.png	units/monsters/ant/soldier-attack.png
units/monsters/bear/bear-bite1.png	units/monsters/bear/bear-bite1.png
units/monsters/bear/bear-bite2.png	units/monsters/bear/bear-bite2.png
units/monsters/bear/bear-bite3.png	units/monsters/bear/bear-bite3.png
units/monsters/bear/bear-bite4.png	units/monsters/bear/bear-bite4.png
units/monsters/bear/bear-bite5.png	units/monsters/bear/bear-bite5.png
units/monsters/bear/bear-bite6.png	units/monsters/bear/bear-bite6.png
units/monsters/bear/bear-claws1.png	units/monsters/bear/bear-claws1.png
units/monsters/bear/bear-claws2.png	units/monsters/bear/bear-claws2.png
units/monsters/bear/bear-claws3.png	units/monsters/bear/bear-claws3.png
units/monsters/bear/bear-claws4.png	units/monsters/bear/bear-claws4.png
units/monsters/bear/bear-claws5.png	units/monsters/bear/bear-claws5.png
units/monsters/bear/bear-claws6.png	units/monsters/bear/bear-claws6.png
units/monsters/boar/piglet-attack1.png	units/monsters/boar/piglet-attack1.png
units/monsters/boar/piglet-attack2.png	units/monsters/boar/piglet-attack2.png
units/monsters/boar/piglet-moving2.png	units/monsters/boar/piglet-moving2.png
units/monsters/boar/piglet.png	units/monsters/boar/piglet.png
units/monsters/boar/woodland-bite1.png	units/monsters/boar/woodland-bite1.png
units/monsters/boar/woodland-bite2.png	units/monsters/boar/woodland-bite2.png
units/monsters/boar/woodland-bite3.png	units/monsters/boar/woodland-bite3.png
units/monsters/boar/woodland-bite4.png	units/monsters/boar/woodland-bite4.png
units/monsters/boar/woodland-bite5.png	units/monsters/boar/woodland-bite5.png
units/monsters/boar/woodland-bite6.png	units/monsters/boar/woodland-bite6.png
units/monsters/boar/woodland-bite7.png	units/monsters/boar/woodland-bite7.png
units/monsters/boar/woodland-charge1.png	units/monsters/boar/woodland-charge1.png
units/monsters/boar/woodland-charge2.png	units/monsters/boar/woodland-charge2.png
units/monsters/boar/woodland-charge3.png	units/monsters/boar/woodland-charge3.png
units/monsters/boar/woodland-charge4.png	units/monsters/boar/woodland-charge4.png
units/monsters/boar/woodland-charge5.png	units/monsters/boar/woodland-charge5.png
units/monsters/boar/woodland.png	units/monsters/boar/woodland.png
units/monsters/caribe/caribe-attack-1.png	units/monsters/caribe/caribe-attack-1.png
units/monsters/caribe/caribe-attack-2.png	units/monsters/caribe/caribe-attack-2.png
units/monsters/caribe/caribe-attack-3.png	units/monsters/caribe/caribe-attack-3.png
units/monsters/caribe/caribe-land.png	units/monsters/caribe/caribe-land.png
units/monsters/caribe/caribe-sling1.png	units/monsters/caribe/caribe-sling1.png
units/monsters/caribe/caribe-sling2.png	units/monsters/caribe/caribe-sling2.png
units/monsters/caribe/caribe-sling3.png	units/monsters/caribe/caribe-sling3.png
units/monsters/caribe/caribe-sling4.png	units/monsters/caribe/caribe-sling4.png
units/monsters/caribe/caribe-sling5.png	units/monsters/caribe/caribe-sling5.png
units/monsters/caribe/caribe-small-attack-1.png	units/monsters/caribe/caribe-small-attack-1.png
units/monsters/caribe/caribe-small-attack-2.png	units/monsters/caribe/caribe-small-attack-2.png
units/monsters/caribe/caribe-small-land.png	units/monsters/caribe/caribe-small-land.png
units/monsters/caribe/nibbler-attack-1.png	units/monsters/caribe/nibbler-attack-1.png
units/monsters/caribe/nibbler-land.png	units/monsters/caribe/nibbler-land.png
units/monsters/croc/crocodile-float-attack1.png	units/monsters/croc/crocodile-float-attack1.png
units/monsters/croc/crocodile-float-attack2.png	units/monsters/croc/crocodile-float-attack2.png
units/monsters/croc/crocodile-float-attack3.png	units/monsters/croc/crocodile-float-attack3.png
units/monsters/croc/crocodile-float-attack4.png	units/monsters/croc/crocodile-float-attack4.png
units/monsters/croc/crocodile-float-attack5.png	units/monsters/croc/crocodile-float-attack5.png
units/monsters/croc/crocodile-float-attack6.png	units/monsters/croc/crocodile-float-attack6.png
units/monsters/cuttlefish-melee-1.png	units/monsters/cuttlefish-melee-1.png
units/monsters/cuttlefish-melee-2.png	units/monsters/cuttlefish-melee-2.png
units/monsters/cuttlefish-melee-3.png	units/monsters/cuttlefish-melee-3.png
units/monsters/cuttlefish-melee-4.png	units/monsters/cuttlefish-melee-4.png
units/monsters/cuttlefish-melee-5.png	units/monsters/cuttlefish-melee-5.png
units/monsters/cuttlefish-melee-6.png	units/monsters/cuttlefish-melee-6.png
units/monsters/cuttlefish-ranged-1.png	units/monsters/cuttlefish-ranged-1.png
units/monsters/cuttlefish-ranged-2.png	units/monsters/cuttlefish-ranged-2.png
units/monsters/cuttlefish-ranged-3.png	units/monsters/cuttlefish-ranged-3.png
units/monsters/cuttlefish-ranged-4.png	units/monsters/cuttlefish-ranged-4.png
units/monsters/cuttlefish-ranged-5.png	units/monsters/cuttlefish-ranged-5.png
units/monsters/cuttlefish-ranged-6.png	units/monsters/cuttlefish-ranged-6.png
units/monsters/deep-tentacle-melee-n-1.png	units/monsters/deep-tentacle-melee-n-1.png
units/monsters/deep-tentacle-melee-n-2.png	units/monsters/deep-tentacle-melee-n-2.png
units/monsters/deep-tentacle-melee-n-3.png	units/monsters/deep-tentacle-melee-n-3.png
units/monsters/deep-tentacle-melee-n-4.png	units/monsters/deep-tentacle-melee-n-4.png
units/monsters/deep-tentacle-melee-n-5.png	units/monsters/deep-tentacle-melee-n-5.png
units/monsters/deep-tentacle-melee-n-6.png	units/monsters/deep-tentacle-melee-n-6.png
units/monsters/deep-tentacle-melee-s-1.png	units/monsters/deep-tentacle-melee-s-1.png
units/monsters/deep-tentacle-melee-s-2.png	units/monsters/deep-tentacle-melee-s-2.png
units/monsters/deep-tentacle-melee-s-3.png	units/monsters/deep-tentacle-melee-s-3.png
units/monsters/deep-tentacle-melee-s-4.png	units/monsters/deep-tentacle-melee-s-4.png
units/monsters/deep-tentacle-melee-s-5.png	units/monsters/deep-tentacle-melee-s-5.png
units/monsters/deep-tentacle-melee-s-6.png	units/monsters/deep-tentacle-melee-s-6.png
units/monsters/deep-tentacle.png	units/monsters/deep-tentacle.png
units/monsters/direwolf-attack.png	units/monsters/direwolf-attack.png
units/monsters/direwolf-moving.png	units/monsters/direwolf-moving.png
units/monsters/direwolf.png	units/monsters/direwolf.png
units/monsters/dragonfly/grand/dragonfly-n.png	units/monsters/dragonfly/grand/dragonfly-n.png
units/monsters/dragonfly/grand/dragonfly.png	units/monsters/dragonfly/grand/dragonfly.png
units/monsters/dragonfly/naiad/naiad.png	units/monsters/dragonfly/naiad/naiad.png
units/monsters/dragonfly/young/dragonfly-n.png	units/monsters/dragonfly/young/dragonfly-n.png
units/monsters/dragonfly/young/dragonfly.png	units/monsters/dragonfly/young/dragonfly.png
units/monsters/falcon/falcon-shadow.png	units/monsters/falcon/falcon-shadow.png
units/monsters/fire-dragon.png	units/monsters/fire-dragon.png
units/monsters/firewraith/firewraith.png	units/monsters/firewraith/firewraith.png
units/monsters/giant-mudcrawler-attack1.png	units/monsters/giant-mudcrawler-attack1.png
units/monsters/giant-mudcrawler-attack10.png	units/monsters/giant-mudcrawler-attack10.png
units/monsters/giant-mudcrawler-attack11.png	units/monsters/giant-mudcrawler-attack11.png
units/monsters/giant-mudcrawler-attack2.png	units/monsters/giant-mudcrawler-attack2.png
units/monsters/giant-mudcrawler-attack3.png	units/monsters/giant-mudcrawler-attack3.png
units/monsters/giant-mudcrawler-attack4.png	units/monsters/giant-mudcrawler-attack4.png
units/monsters/giant-mudcrawler-attack5.png	units/monsters/giant-mudcrawler-attack5.png
units/monsters/giant-mudcrawler-attack6.png	units/monsters/giant-mudcrawler-attack6.png
units/monsters/giant-mudcrawler-attack7.png	units/monsters/giant-mudcrawler-attack7.png
units/monsters/giant-mudcrawler-attack8.png	units/monsters/giant-mudcrawler-attack8.png
units/monsters/giant-mudcrawler-attack9.png	units/monsters/giant-mudcrawler-attack9.png
units/monsters/giant-mudcrawler-ranged1.png	units/monsters/giant-mudcrawler-ranged1.png
units/monsters/giant-mudcrawler-ranged2.png	units/monsters/giant-mudcrawler-ranged2.png
units/monsters/giant-mudcrawler-ranged3.png	units/monsters/giant-mudcrawler-ranged3.png
units/monsters/giant-mudcrawler-ranged4.png	units/monsters/giant-mudcrawler-ranged4.png
units/monsters/giant-mudcrawler-ranged5.png	units/monsters/giant-mudcrawler-ranged5.png
units/monsters/giant-rat-attack-1.png	units/monsters/giant-rat-attack-1.png
units/monsters/giant-rat-attack-2.png	units/monsters/giant-rat-attack-2.png
units/monsters/giant-rat-attack-3.png	units/monsters/giant-rat-attack-3.png
units/monsters/giant-rat-attack-4.png	units/monsters/giant-rat-attack-4.png
units/monsters/giant-rat-attack-5.png	units/monsters/giant-rat-attack-5.png
units/monsters/giant-rat-attack-6.png	units/monsters/giant-rat-attack-6.png
units/monsters/giant-rat-attack-7.png	units/monsters/giant-rat-attack-7.png
units/monsters/gryphon-flying-4.png	units/monsters/gryphon-flying-4.png
units/monsters/gryphon-flying-5.png	units/monsters/gryphon-flying-5.png
units/monsters/horse/horse-attack1.png	units/monsters/horse/horse-attack1.png
units/monsters/horse/horse-attack2.png	units/monsters/horse/horse-attack2.png
units/monsters/horse/horse-attack3.png	units/monsters/horse/horse-attack3.png
units/monsters/horse/horse-attack4.png	units/monsters/horse/horse-attack4.png
units/monsters/horse/horse-attack5.png	units/monsters/horse/horse-attack5.png
units/monsters/horse/horse-attack6.png	units/monsters/horse/horse-attack6.png
units/monsters/horse/horse-attack7.png	units/monsters/horse/horse-attack7.png
units/monsters/horse/horse-larger-attack1.png	units/monsters/horse/horse-larger-attack1.png
units/monsters/horse/horse-larger-attack2.png	units/monsters/horse/horse-larger-attack2.png
units/monsters/horse/horse-larger-attack3.png	units/monsters/horse/horse-larger-attack3.png
units/monsters/horse/horse-larger-attack4.png	units/monsters/horse/horse-larger-attack4.png
units/monsters/horse/horse-larger-attack5.png	units/monsters/horse/horse-larger-attack5.png
units/monsters/horse/horse-larger-attack6.png	units/monsters/horse/horse-larger-attack6.png
units/monsters/horse/horse-larger-attack7.png	units/monsters/horse/horse-larger-attack7.png
units/monsters/horse/horse-larger.png	units/monsters/horse/horse-larger.png
units/monsters/horse/horse.png	units/monsters/horse/horse.png
units/monsters/icemonax/great-icemonax-claws1.png	units/monsters/icemonax/great-icemonax-claws1.png
units/monsters/icemonax/great-icemonax-claws2.png	units/monsters/icemonax/great-icemonax-claws2.png
units/monsters/icemonax/great-icemonax-claws3.png	units/monsters/icemonax/great-icemonax-claws3.png
units/monsters/icemonax/great-icemonax-claws4.png	units/monsters/icemonax/great-icemonax-claws4.png
units/monsters/icemonax/great-icemonax-claws5.png	units/monsters/icemonax/great-icemonax-claws5.png
units/monsters/icemonax/great-icemonax-claws6.png	units/monsters/icemonax/great-icemonax-claws6.png
units/monsters/icemonax/great-icemonax-claws7.png	units/monsters/icemonax/great-icemonax-claws7.png
units/monsters/icemonax/great-icemonax-claws8.png	units/monsters/icemonax/great-icemonax-claws8.png
units/monsters/icemonax/great-icemonax-claws9.png	units/monsters/icemonax/great-icemonax-claws9.png
units/monsters/icemonax/great-icemonax-tail1.png	units/monsters/icemonax/great-icemonax-tail1.png
units/monsters/icemonax/great-icemonax-tail2.png	units/monsters/icemonax/great-icemonax-tail2.png
units/monsters/icemonax/great-icemonax-tail3.png	units/monsters/icemonax/great-icemonax-tail3.png
units/monsters/icemonax/great-icemonax-tail4.png	units/monsters/icemonax/great-icemonax-tail4.png
units/monsters/icemonax/great-icemonax-tail5.png	units/monsters/icemonax/great-icemonax-tail5.png
units/monsters/icemonax/great-icemonax-tail6.png	units/monsters/icemonax/great-icemonax-tail6.png
units/monsters/icemonax/great-icemonax-tail7.png	units/monsters/icemonax/great-icemonax-tail7.png
units/monsters/icemonax/great-icemonax-tail8.png	units/monsters/icemonax/great-icemonax-tail8.png
units/monsters/icemonax/great-icemonax-tail9.png	units/monsters/icemonax/great-icemonax-tail9.png
units/monsters/icemonax/great-icemonax.png	units/monsters/icemonax/great-icemonax.png
units/monsters/icemonax/young-icemonax-attack1.png	units/monsters/icemonax/young-icemonax-attack1.png
units/monsters/icemonax/young-icemonax-attack2.png	units/monsters/icemonax/young-icemonax-attack2.png
units/monsters/icemonax/young-icemonax-attack3.png	units/monsters/icemonax/young-icemonax-attack3.png
units/monsters/icemonax/young-icemonax-attack4.png	units/monsters/icemonax/young-icemonax-attack4.png
units/monsters/icemonax/young-icemonax.png	units/monsters/icemonax/young-icemonax.png
units/monsters/jinn/jinn-attack-1.png	units/monsters/jinn/jinn-attack-1.png
units/monsters/jinn/jinn-attack-2.png	units/monsters/jinn/jinn-attack-2.png
units/monsters/jinn/jinn-attack-3.png	units/monsters/jinn/jinn-attack-3.png
units/monsters/jinn/jinn-attack-4.png	units/monsters/jinn/jinn-attack-4.png
units/monsters/jinn/jinn-lightning-1.png	units/monsters/jinn/jinn-lightning-1.png
units/monsters/jinn/jinn-lightning-2.png	units/monsters/jinn/jinn-lightning-2.png
units/monsters/jinn/jinn-lightning-3.png	units/monsters/jinn/jinn-lightning-3.png
units/monsters/jinn/jinn-lightning-4.png	units/monsters/jinn/jinn-lightning-4.png
units/monsters/jinn/jinn-lightning-5.png	units/monsters/jinn/jinn-lightning-5.png
units/monsters/jinn/jinn-wind-1.png	units/monsters/jinn/jinn-wind-1.png
units/monsters/jinn/jinn-wind-2.png	units/monsters/jinn/jinn-wind-2.png
units/monsters/jinn/jinn-wind-3.png	units/monsters/jinn/jinn-wind-3.png
units/monsters/jinn/jinn-wind-4.png	units/monsters/jinn/jinn-wind-4.png
units/monsters/jinn/jinn-wind-5.png	units/monsters/jinn/jinn-wind-5.png
units/monsters/jinn/jinn-wind-6.png	units/monsters/jinn/jinn-wind-6.png
units/monsters/jinn/jinn-wind-7.png	units/monsters/jinn/jinn-wind-7.png
units/monsters/jinn/jinn-wind-8.png	units/monsters/jinn/jinn-wind-8.png
units/monsters/jinn/jinn-wind-9.png	units/monsters/jinn/jinn-wind-9.png
units/monsters/jinn/jinn.png	units/monsters/jinn/jinn.png
units/monsters/jumping-spider-attack1.png	units/monsters/jumping-spider-attack1.png
units/monsters/jumping-spider-attack2.png	units/monsters/jumping-spider-attack2.png
units/monsters/jumping-spider-attack3.png	units/monsters/jumping-spider-attack3.png
units/monsters/jumping-spider-attack4.png	units/monsters/jumping-spider-attack4.png
units/monsters/jumping-spider-ne-attack1.png	units/monsters/jumping-spider-ne-attack1.png
units/monsters/jumping-spider-ne-attack2.png	units/monsters/jumping-spider-ne-attack2.png
units/monsters/jumping-spider-ne-attack3.png	units/monsters/jumping-spider-ne-attack3.png
units/monsters/jumping-spider-ne-attack4.png	units/monsters/jumping-spider-ne-attack4.png
units/monsters/kraken/kraken-defend1.png	units/monsters/kraken/kraken-defend1.png
units/monsters/kraken/kraken-ink.png	units/monsters/kraken/kraken-ink.png
units/monsters/kraken/kraken-slap1.png	units/monsters/kraken/kraken-slap1.png
units/monsters/kraken/kraken-slap2.png	units/monsters/kraken/kraken-slap2.png
units/monsters/kraken/kraken-slap3.png	units/monsters/kraken/kraken-slap3.png
units/monsters/kraken/kraken-slap4.png	units/monsters/kraken/kraken-slap4.png
units/monsters/kraken/kraken.png	units/monsters/kraken/kraken.png
units/monsters/mudcrawler-attack-1.png	units/monsters/mudcrawler-attack-1.png
units/monsters/mudcrawler-attack-2.png	units/monsters/mudcrawler-attack-2.png
units/monsters/mudcrawler-attack-3.png	units/monsters/mudcrawler-attack-3.png
units/monsters/mudcrawler-attack-4.png	units/monsters/mudcrawler-attack-4.png
units/monsters/mudcrawler-attack-5.png	units/monsters/mudcrawler-attack-5.png
units/monsters/raven/harbinger.png	units/monsters/raven/harbinger.png
units/monsters/raven/herald.png	units/monsters/raven/herald.png
units/monsters/raven/raven-shadow.png	units/monsters/raven/raven-shadow.png
units/monsters/roc-attack.png	units/monsters/roc-attack.png
units/monsters/roc-shadow2.png	units/monsters/roc-shadow2.png
units/monsters/scarab/scarab-horn-1.png	units/monsters/scarab/scarab-horn-1.png
units/monsters/scarab/scarab-horn-2.png	units/monsters/scarab/scarab-horn-2.png
units/monsters/scarab/scarab.png	units/monsters/scarab/scarab.png
units/monsters/scorpion/rock-scorpion-pincer-1.png	units/monsters/scorpion/rock-scorpion-pincer-1.png
units/monsters/scorpion/rock-scorpion-pincer-2.png	units/monsters/scorpion/rock-scorpion-pincer-2.png
units/monsters/scorpion/rock-scorpion-pincer-3.png	units/monsters/scorpion/rock-scorpion-pincer-3.png
units/monsters/scorpion/rock-scorpion-pincer-4.png	units/monsters/scorpion/rock-scorpion-pincer-4.png
units/monsters/scorpion/rock-scorpion-pincer-5.png	units/monsters/scorpion/rock-scorpion-pincer-5.png
units/monsters/scorpion/rock-scorpion-pincer-6.png	units/monsters/scorpion/rock-scorpion-pincer-6.png
units/monsters/scorpion/rock-scorpion-pincer-7.png	units/monsters/scorpion/rock-scorpion-pincer-7.png
units/monsters/scorpion/rock-scorpion-pincer-8.png	units/monsters/scorpion/rock-scorpion-pincer-8.png
units/monsters/scorpion/rock-scorpion.png	units/monsters/scorpion/rock-scorpion.png
units/monsters/scorpion/sand-scuttler-ne-pincer1.png	units/monsters/scorpion/sand-scuttler-ne-pincer1.png
units/monsters/scorpion/sand-scuttler-ne-pincer2.png	units/monsters/scorpion/sand-scuttler-ne-pincer2.png
units/monsters/scorpion/sand-scuttler-ne-pincer3.png	units/monsters/scorpion/sand-scuttler-ne-pincer3.png
units/monsters/scorpion/sand-scuttler-ne-pincer4.png	units/monsters/scorpion/sand-scuttler-ne-pincer4.png
units/monsters/scorpion/sand-scuttler-ne-pincer5.png	units/monsters/scorpion/sand-scuttler-ne-pincer5.png
units/monsters/scorpion/sand-scuttler-ne-pincer6.png	units/monsters/scorpion/sand-scuttler-ne-pincer6.png
units/monsters/scorpion/sand-scuttler-ne.png	units/monsters/scorpion/sand-scuttler-ne.png
units/monsters/scorpion/sand-scuttler-pincer-1.png	units/monsters/scorpion/sand-scuttler-pincer-1.png
units/monsters/scorpion/sand-scuttler-pincer-2.png	units/monsters/scorpion/sand-scuttler-pincer-2.png
units/monsters/scorpion/sand-scuttler-pincer-3.png	units/monsters/scorpion/sand-scuttler-pincer-3.png
units/monsters/scorpion/sand-scuttler-pincer-4.png	units/monsters/scorpion/sand-scuttler-pincer-4.png
units/monsters/scorpion/sand-scuttler-pincer-5.png	units/monsters/scorpion/sand-scuttler-pincer-5.png
units/monsters/scorpion/sand-scuttler-pincer-6.png	units/monsters/scorpion/sand-scuttler-pincer-6.png
units/monsters/scorpion/sand-scuttler-stinger-1.png	units/monsters/scorpion/sand-scuttler-stinger-1.png
units/monsters/scorpion/sand-scuttler-stinger-2.png	units/monsters/scorpion/sand-scuttler-stinger-2.png
units/monsters/scorpion/sand-scuttler-stinger-3.png	units/monsters/scorpion/sand-scuttler-stinger-3.png
units/monsters/scorpion/sand-scuttler-stinger-4.png	units/monsters/scorpion/sand-scuttler-stinger-4.png
units/monsters/scorpion/sand-scuttler-stinger-5.png	units/monsters/scorpion/sand-scuttler-stinger-5.png
units/monsters/scorpion/sand-scuttler-stinger-6.png	units/monsters/scorpion/sand-scuttler-stinger-6.png
units/monsters/scorpion/sand-scuttler-stinger-7.png	units/monsters/scorpion/sand-scuttler-stinger-7.png
units/monsters/scorpion/sand-scuttler.png	units/monsters/scorpion/sand-scuttler.png
units/monsters/scorpion/scorpion-ne-pincer1.png	units/monsters/scorpion/scorpion-ne-pincer1.png
units/monsters/scorpion/scorpion-ne-pincer2.png	units/monsters/scorpion/scorpion-ne-pincer2.png
units/monsters/scorpion/scorpion-ne-pincer3.png	units/monsters/scorpion/scorpion-ne-pincer3.png
units/monsters/scorpion/scorpion-ne-pincer4.png	units/monsters/scorpion/scorpion-ne-pincer4.png
units/monsters/scorpion/scorpion-ne-pincer5.png	units/monsters/scorpion/scorpion-ne-pincer5.png
units/monsters/scorpion/scorpion-ne-pincer6.png	units/monsters/scorpion/scorpion-ne-pincer6.png
units/monsters/scorpion/scorpion-ne.png	units/monsters/scorpion/scorpion-ne.png
units/monsters/scorpion/scorpion-pincer-1.png	units/monsters/scorpion/scorpion-pincer-1.png
units/monsters/scorpion/scorpion-pincer-2.png	units/monsters/scorpion/scorpion-pincer-2.png
units/monsters/scorpion/scorpion-pincer-3.png	units/monsters/scorpion/scorpion-pincer-3.png
units/monsters/scorpion/scorpion-pincer-4.png	units/monsters/scorpion/scorpion-pincer-4.png
units/monsters/scorpion/scorpion-pincer-5.png	units/monsters/scorpion/scorpion-pincer-5.png
units/monsters/scorpion/scorpion-pincer-6.png	units/monsters/scorpion/scorpion-pincer-6.png
units/monsters/scorpion/scorpion-stinger-1.png	units/monsters/scorpion/scorpion-stinger-1.png
units/monsters/scorpion/scorpion-stinger-2.png	units/monsters/scorpion/scorpion-stinger-2.png
units/monsters/scorpion/scorpion-stinger-3.png	units/monsters/scorpion/scorpion-stinger-3.png
units/monsters/scorpion/scorpion-stinger-4.png	units/monsters/scorpion/scorpion-stinger-4.png
units/monsters/scorpion/scorpion-stinger-5.png	units/monsters/scorpion/scorpion-stinger-5.png
units/monsters/scorpion/scorpion-stinger-6.png	units/monsters/scorpion/scorpion-stinger-6.png
units/monsters/scorpion/scorpion-stinger-7.png	units/monsters/scorpion/scorpion-stinger-7.png
units/monsters/scorpion/scorpion.png	units/monsters/scorpion/scorpion.png
units/monsters/scorpion/scorpling-pincer1.png	units/monsters/scorpion/scorpling-pincer1.png
units/monsters/scorpion/scorpling-pincer2.png	units/monsters/scorpion/scorpling-pincer2.png
units/monsters/scorpion/scorpling-pincer3.png	units/monsters/scorpion/scorpling-pincer3.png
units/monsters/scorpion/scorpling-pincer4.png	units/monsters/scorpion/scorpling-pincer4.png
units/monsters/scorpion/scorpling-pincer5.png	units/monsters/scorpion/scorpling-pincer5.png
units/monsters/scorpion/scorpling-pincer6.png	units/monsters/scorpion/scorpling-pincer6.png
units/monsters/scorpion/scorpling-pincer7.png	units/monsters/scorpion/scorpling-pincer7.png
units/monsters/scorpion/scorpling-sting1.png	units/monsters/scorpion/scorpling-sting1.png
units/monsters/scorpion/scorpling-sting2.png	units/monsters/scorpion/scorpling-sting2.png
units/monsters/scorpion/scorpling-sting3.png	units/monsters/scorpion/scorpling-sting3.png
units/monsters/scorpion/scorpling-sting4.png	units/monsters/scorpion/scorpling-sting4.png
units/monsters/scorpion/scorpling-sting5.png	units/monsters/scorpion/scorpling-sting5.png
units/monsters/scorpion/scorpling.png	units/monsters/scorpion/scorpling.png
units/monsters/seaserpent.png	units/monsters/seaserpent.png
units/monsters/skeletal-dragon/skeletal-dragon.png	units/monsters/skeletal-dragon/skeletal-dragon.png
units/monsters/spider-melee-1.png	units/monsters/spider-melee-1.png
units/monsters/spider-melee-10.png	units/monsters/spider-melee-10.png
units/monsters/spider-melee-11.png	units/monsters/spider-melee-11.png
units/monsters/spider-melee-12.png	units/monsters/spider-melee-12.png
units/monsters/spider-melee-13.png	units/monsters/spider-melee-13.png
units/monsters/spider-melee-2.png	units/monsters/spider-melee-2.png
units/monsters/spider-melee-3.png	units/monsters/spider-melee-3.png
units/monsters/spider-melee-4.png	units/monsters/spider-melee-4.png
units/monsters/spider-melee-5.png	units/monsters/spider-melee-5.png
units/monsters/spider-melee-6.png	units/monsters/spider-melee-6.png
units/monsters/spider-melee-7.png	units/monsters/spider-melee-7.png
units/monsters/spider-melee-8.png	units/monsters/spider-melee-8.png
units/monsters/spider-melee-9.png	units/monsters/spider-melee-9.png
units/monsters/spider-ranged-1.png	units/monsters/spider-ranged-1.png
units/monsters/spider-ranged-2.png	units/monsters/spider-ranged-2.png
units/monsters/spider-ranged-3.png	units/monsters/spider-ranged-3.png
units/monsters/spider-ranged-4.png	units/monsters/spider-ranged-4.png
units/monsters/spider-ranged-5.png	units/monsters/spider-ranged-5.png
units/monsters/spider-ranged-6.png	units/monsters/spider-ranged-6.png
units/monsters/spider-ranged-7.png	units/monsters/spider-ranged-7.png
units/monsters/stoat/stoat-bite1.png	units/monsters/stoat/stoat-bite1.png
units/monsters/stoat/stoat-bite2.png	units/monsters/stoat/stoat-bite2.png
units/monsters/stoat/stoat-bite3.png	units/monsters/stoat/stoat-bite3.png
units/monsters/stoat/stoat-bite4.png	units/monsters/stoat/stoat-bite4.png
units/monsters/stoat/stoat-bite5.png	units/monsters/stoat/stoat-bite5.png
units/monsters/stoat/stoat-bite6.png	units/monsters/stoat/stoat-bite6.png
units/monsters/stoat/stoat-claws1.png	units/monsters/stoat/stoat-claws1.png
units/monsters/stoat/stoat-claws2.png	units/monsters/stoat/stoat-claws2.png
units/monsters/stoat/stoat-claws3.png	units/monsters/stoat/stoat-claws3.png
units/monsters/stoat/stoat-claws6.png	units/monsters/stoat/stoat-claws6.png
units/monsters/stoat/stoat-low.png	units/monsters/stoat/stoat-low.png
units/monsters/water-serpent-attack-n-5.png	units/monsters/water-serpent-attack-n-5.png
units/monsters/water-serpent-attack-n-6.png	units/monsters/water-serpent-attack-n-6.png
units/monsters/water-serpent-attack-ne-1.png	units/monsters/water-serpent-attack-ne-1.png
units/monsters/water-serpent-attack-ne-2.png	units/monsters/water-serpent-attack-ne-2.png
units/monsters/water-serpent-attack-ne-3.png	units/monsters/water-serpent-attack-ne-3.png
units/monsters/water-serpent-attack-ne-4.png	units/monsters/water-serpent-attack-ne-4.png
units/monsters/water-serpent-attack-ne-5.png	units/monsters/water-serpent-attack-ne-5.png
units/monsters/water-serpent-attack-ne-6.png	units/monsters/water-serpent-attack-ne-6.png
units/monsters/water-serpent-attack-s-5.png	units/monsters/water-serpent-attack-s-5.png
units/monsters/water-serpent-attack-s-6.png	units/monsters/water-serpent-attack-s-6.png
units/monsters/water-serpent-attack-se-1.png	units/monsters/water-serpent-attack-se-1.png
units/monsters/water-serpent-attack-se-2.png	units/monsters/water-serpent-attack-se-2.png
units/monsters/water-serpent-attack-se-3.png	units/monsters/water-serpent-attack-se-3.png
units/monsters/water-serpent-attack-se-4.png	units/monsters/water-serpent-attack-se-4.png
units/monsters/water-serpent-attack-se-5.png	units/monsters/water-serpent-attack-se-5.png
units/monsters/water-serpent-attack-se-6.png	units/monsters/water-serpent-attack-se-6.png
units/monsters/wolf-attack.png	units/monsters/wolf-attack.png
units/monsters/wolf-great-attack.png	units/monsters/wolf-great-attack.png
units/monsters/wolf-great-moving.png	units/monsters/wolf-great-moving.png
units/monsters/wolf-great.png	units/monsters/wolf-great.png
units/monsters/wolf-moving.png	units/monsters/wolf-moving.png
units/monsters/wolf.png	units/monsters/wolf.png
units/monsters/wyvern/wild-wyvern-fly4.png	units/monsters/wyvern/wild-wyvern-fly4.png
units/monsters/wyvern/wild-wyvern-fly5.png	units/monsters/wyvern/wild-wyvern-fly5.png
units/monsters/yeti-attack1.png	units/monsters/yeti-attack1.png
units/monsters/yeti-attack2.png	units/monsters/yeti-attack2.png
units/monsters/yeti-attack3.png	units/monsters/yeti-attack3.png
units/monsters/yeti.png	units/monsters/yeti.png
units/nagas/fighter/fighter-melee-1.png	units/nagas/fighter/fighter-melee-1.png
units/nagas/fighter/fighter-melee-2.png	units/nagas/fighter/fighter-melee-2.png
units/nagas/fighter/fighter-melee-3.png	units/nagas/fighter/fighter-melee-3.png
units/nagas/fighter/fighter-melee-4.png	units/nagas/fighter/fighter-melee-4.png
units/nagas/fighter/fighter-melee-5.png	units/nagas/fighter/fighter-melee-5.png
units/nagas/fighter/fighter-melee-6.png	units/nagas/fighter/fighter-melee-6.png
units/nagas/fighter/myrmidon-melee-1.png	units/nagas/fighter/myrmidon-melee-1.png
units/nagas/fighter/myrmidon-melee-2.png	units/nagas/fighter/myrmidon-melee-2.png
units/nagas/fighter/myrmidon-melee-3.png	units/nagas/fighter/myrmidon-melee-3.png
units/nagas/fighter/myrmidon-melee-4.png	units/nagas/fighter/myrmidon-melee-4.png
units/nagas/fighter/myrmidon-melee-5.png	units/nagas/fighter/myrmidon-melee-5.png
units/nagas/fighter/myrmidon-melee-6.png	units/nagas/fighter/myrmidon-melee-6.png
units/nagas/fighter/warrior-melee-1.png	units/nagas/fighter/warrior-melee-1.png
units/nagas/fighter/warrior-melee-2.png	units/nagas/fighter/warrior-melee-2.png
units/nagas/fighter/warrior-melee-3.png	units/nagas/fighter/warrior-melee-3.png
units/nagas/fighter/warrior-melee-4.png	units/nagas/fighter/warrior-melee-4.png
units/nagas/fighter/warrior-melee-5.png	units/nagas/fighter/warrior-melee-5.png
units/nagas/fighter/warrior-melee-6.png	units/nagas/fighter/warrior-melee-6.png
units/nagas/guardian/guardian-attack-1.png	units/nagas/guardian/guardian-attack-1.png
units/nagas/guardian/guardian-attack-2.png	units/nagas/guardian/guardian-attack-2.png
units/nagas/guardian/guardian-attack-3.png	units/nagas/guardian/guardian-attack-3.png
units/nagas/guardian/guardian-attack-4.png	units/nagas/guardian/guardian-attack-4.png
units/nagas/guardian/guardian-attack-5.png	units/nagas/guardian/guardian-attack-5.png
units/nagas/guardian/guardian.png	units/nagas/guardian/guardian.png
units/nagas/guardian/sentinel.png	units/nagas/guardian/sentinel.png
units/nagas/guardian/warden-attack-1.png	units/nagas/guardian/warden-attack-1.png
units/nagas/guardian/warden-attack-2.png	units/nagas/guardian/warden-attack-2.png
units/nagas/guardian/warden-attack-3.png	units/nagas/guardian/warden-attack-3.png
units/nagas/guardian/warden-attack-4.png	units/nagas/guardian/warden-attack-4.png
units/nagas/guardian/warden-attack-5.png	units/nagas/guardian/warden-attack-5.png
units/nagas/guardian/warden-attack-6.png	units/nagas/guardian/warden-attack-6.png
units/nagas/guardian/warden-shield-attack-1.png	units/nagas/guardian/warden-shield-attack-1.png
units/nagas/guardian/warden-shield-attack-2.png	units/nagas/guardian/warden-shield-attack-2.png
units/nagas/guardian/warden-shield-attack-3.png	units/nagas/guardian/warden-shield-attack-3.png
units/nagas/guardian/warden-shield-attack-4.png	units/nagas/guardian/warden-shield-attack-4.png
units/nagas/guardian/warden.png	units/nagas/guardian/warden.png
units/nagas/mixed/dirkfang-melee1.png	units/nagas/mixed/dirkfang-melee1.png
units/nagas/mixed/dirkfang-melee2.png	units/nagas/mixed/dirkfang-melee2.png
units/nagas/mixed/dirkfang-melee3.png	units/nagas/mixed/dirkfang-melee3.png
units/nagas/mixed/dirkfang-melee4.png	units/nagas/mixed/dirkfang-melee4.png
units/nagas/mixed/dirkfang-melee5.png	units/nagas/mixed/dirkfang-melee5.png
units/nagas/mixed/dirkfang-melee6.png	units/nagas/mixed/dirkfang-melee6.png
units/nagas/mixed/dirkfang-throw1.png	units/nagas/mixed/dirkfang-throw1.png
units/nagas/mixed/dirkfang-throw10.png	units/nagas/mixed/dirkfang-throw10.png
units/nagas/mixed/dirkfang-throw2.png	units/nagas/mixed/dirkfang-throw2.png
units/nagas/mixed/dirkfang-throw3.png	units/nagas/mixed/dirkfang-throw3.png
units/nagas/mixed/dirkfang-throw4.png	units/nagas/mixed/dirkfang-throw4.png
units/nagas/mixed/dirkfang-throw5.png	units/nagas/mixed/dirkfang-throw5.png
units/nagas/mixed/dirkfang-throw6.png	units/nagas/mixed/dirkfang-throw6.png
units/nagas/mixed/dirkfang-throw7.png	units/nagas/mixed/dirkfang-throw7.png
units/nagas/mixed/dirkfang-throw8.png	units/nagas/mixed/dirkfang-throw8.png
units/nagas/mixed/dirkfang-throw9.png	units/nagas/mixed/dirkfang-throw9.png
units/nagas/mixed/dirkfang.png	units/nagas/mixed/dirkfang.png
units/nagas/mixed/ophidian-jarid-1.png	units/nagas/mixed/ophidian-jarid-1.png
units/nagas/mixed/ophidian-jarid-2.png	units/nagas/mixed/ophidian-jarid-2.png
units/nagas/mixed/ophidian-jarid-3.png	units/nagas/mixed/ophidian-jarid-3.png
units/nagas/mixed/ophidian-jarid-4.png	units/nagas/mixed/ophidian-jarid-4.png
units/nagas/mixed/ophidian-jarid-5.png	units/nagas/mixed/ophidian-jarid-5.png
units/nagas/mixed/ophidian-jarid-6.png	units/nagas/mixed/ophidian-jarid-6.png
units/nagas/mixed/ophidian-jarid-7.png	units/nagas/mixed/ophidian-jarid-7.png
units/nagas/mixed/ophidian-melee1.png	units/nagas/mixed/ophidian-melee1.png
units/nagas/mixed/ophidian-melee2.png	units/nagas/mixed/ophidian-melee2.png
units/nagas/mixed/ophidian-melee3.png	units/nagas/mixed/ophidian-melee3.png
units/nagas/mixed/ophidian-melee4.png	units/nagas/mixed/ophidian-melee4.png
units/nagas/mixed/ophidian-melee5.png	units/nagas/mixed/ophidian-melee5.png
units/nagas/mixed/ophidian-melee6.png	units/nagas/mixed/ophidian-melee6.png
units/nagas/mixed/ophidian-melee7.png	units/nagas/mixed/ophidian-melee7.png
units/nagas/mixed/ophidian.png	units/nagas/mixed/ophidian.png
units/nagas/mixed/ringcaster-attack-1.png	units/nagas/mixed/ringcaster-attack-1.png
units/nagas/mixed/ringcaster-attack-2.png	units/nagas/mixed/ringcaster-attack-2.png
units/nagas/mixed/ringcaster-attack-3.png	units/nagas/mixed/ringcaster-attack-3.png
units/nagas/mixed/ringcaster-attack-4.png	units/nagas/mixed/ringcaster-attack-4.png
units/nagas/mixed/ringcaster-attack-5.png	units/nagas/mixed/ringcaster-attack-5.png
units/nagas/mixed/ringcaster-attack-6.png	units/nagas/mixed/ringcaster-attack-6.png
units/nagas/mixed/ringcaster-attack-7.png	units/nagas/mixed/ringcaster-attack-7.png
units/nagas/mixed/ringcaster-throw-1.png	units/nagas/mixed/ringcaster-throw-1.png
units/nagas/mixed/ringcaster-throw-2.png	units/nagas/mixed/ringcaster-throw-2.png
units/nagas/mixed/ringcaster-throw-3.png	units/nagas/mixed/ringcaster-throw-3.png
units/nagas/mixed/ringcaster-throw-4.png	units/nagas/mixed/ringcaster-throw-4.png
units/nagas/mixed/ringcaster-throw-5.png	units/nagas/mixed/ringcaster-throw-5.png
units/nagas/mixed/ringcaster-throw-6.png	units/nagas/mixed/ringcaster-throw-6.png
units/nagas/mixed/ringcaster-throw-7.png	units/nagas/mixed/ringcaster-throw-7.png
units/nagas/mixed/ringcaster-throw-8.png	units/nagas/mixed/ringcaster-throw-8.png
units/nagas/mixed/ringcaster.png	units/nagas/mixed/ringcaster.png
units/nagas/mixed/sicarius-attack1.png	units/nagas/mixed/sicarius-attack1.png
units/nagas/mixed/sicarius-attack2.png	units/nagas/mixed/sicarius-attack2.png
units/nagas/mixed/sicarius-attack3.png	units/nagas/mixed/sicarius-attack3.png
units/nagas/mixed/sicarius-attack4.png	units/nagas/mixed/sicarius-attack4.png
units/nagas/mixed/sicarius-attack5.png	units/nagas/mixed/sicarius-attack5.png
units/nagas/mixed/sicarius-attack6.png	units/nagas/mixed/sicarius-attack6.png
units/nagas/mixed/sicarius-attack7.png	units/nagas/mixed/sicarius-attack7.png
units/nagas/mixed/sicarius-attack8.png	units/nagas/mixed/sicarius-attack8.png
units/nagas/mixed/sicarius-throw1.png	units/nagas/mixed/sicarius-throw1.png
units/nagas/mixed/sicarius-throw2.png	units/nagas/mixed/sicarius-throw2.png
units/nagas/mixed/sicarius-throw3.png	units/nagas/mixed/sicarius-throw3.png
units/nagas/mixed/sicarius-throw4.png	units/nagas/mixed/sicarius-throw4.png
units/nagas/mixed/sicarius-throw5.png	units/nagas/mixed/sicarius-throw5.png
units/nagas/mixed/sicarius-throw6.png	units/nagas/mixed/sicarius-throw6.png
units/nagas/mixed/sicarius.png	units/nagas/mixed/sicarius.png
units/nagas/mixed/zephyr.png	units/nagas/mixed/zephyr.png
units/ogres/ogre-attack1.png	units/ogres/ogre-attack1.png
units/ogres/ogre-attack2.png	units/ogres/ogre-attack2.png
units/ogres/ogre-attack3.png	units/ogres/ogre-attack3.png
units/ogres/ogre-attack4.png	units/ogres/ogre-attack4.png
units/ogres/ogre-attack5.png	units/ogres/ogre-attack5.png
units/ogres/young-ogre-attack1.png	units/ogres/young-ogre-attack1.png
units/ogres/young-ogre-attack2.png	units/ogres/young-ogre-attack2.png
units/ogres/young-ogre-attack3.png	units/ogres/young-ogre-attack3.png
units/ogres/young-ogre-attack4.png	units/ogres/young-ogre-attack4.png
units/ogres/young-ogre-attack5.png	units/ogres/young-ogre-attack5.png
units/orcs/archer-bow-attack-1.png	units/orcs/archer-bow-attack-1.png
units/orcs/archer-bow-attack-2.png	units/orcs/archer-bow-attack-2.png
units/orcs/archer-bow-attack-3.png	units/orcs/archer-bow-attack-3.png
units/orcs/archer-bow-attack-4.png	units/orcs/archer-bow-attack-4.png
units/orcs/archer-bow.png	units/orcs/archer-bow.png
units/orcs/archer-melee-1.png	units/orcs/archer-melee-1.png
units/orcs/archer-melee-2.png	units/orcs/archer-melee-2.png
units/orcs/archer-melee-3.png	units/orcs/archer-melee-3.png
units/orcs/archer-melee-4.png	units/orcs/archer-melee-4.png
units/orcs/archer-melee-5.png	units/orcs/archer-melee-5.png
units/orcs/archer-melee-6.png	units/orcs/archer-melee-6.png
units/orcs/archer-melee.png	units/orcs/archer-melee.png
units/orcs/archer-ne-bow-attack-1.png	units/orcs/archer-ne-bow-attack-1.png
units/orcs/archer-ne-bow-attack-2.png	units/orcs/archer-ne-bow-attack-2.png
units/orcs/archer-ne-bow-attack-3.png	units/orcs/archer-ne-bow-attack-3.png
units/orcs/archer-ne-bow-attack-4.png	units/orcs/archer-ne-bow-attack-4.png
units/orcs/archer-ne.png	units/orcs/archer-ne.png
units/orcs/assassin-attack-1.png	units/orcs/assassin-attack-1.png
units/orcs/assassin-attack-2.png	units/orcs/assassin-attack-2.png
units/orcs/assassin-attack-3.png	units/orcs/assassin-attack-3.png
units/orcs/assassin-attack-4.png	units/orcs/assassin-attack-4.png
units/orcs/assassin-attack-5.png	units/orcs/assassin-attack-5.png
units/orcs/assassin-attack-6.png	units/orcs/assassin-attack-6.png
units/orcs/assassin-ranged1.png	units/orcs/assassin-ranged1.png
units/orcs/assassin-ranged2.png	units/orcs/assassin-ranged2.png
units/orcs/grunt-attack-1.png	units/orcs/grunt-attack-1.png
units/orcs/grunt-attack-2.png	units/orcs/grunt-attack-2.png
units/orcs/grunt-attack-3.png	units/orcs/grunt-attack-3.png
units/orcs/grunt-attack-4.png	units/orcs/grunt-attack-4.png
units/orcs/grunt-attack-5.png	units/orcs/grunt-attack-5.png
units/orcs/grunt-defend-1.png	units/orcs/grunt-defend-1.png
units/orcs/grunt.png	units/orcs/grunt.png
units/orcs/leader-attack-1.png	units/orcs/leader-attack-1.png
units/orcs/leader-attack-2.png	units/orcs/leader-attack-2.png
units/orcs/leader-attack-3.png	units/orcs/leader-attack-3.png
units/orcs/leader-attack-4.png	units/orcs/leader-attack-4.png
units/orcs/leader-attack-5.png	units/orcs/leader-attack-5.png
units/orcs/leader-defend-1.png	units/orcs/leader-defend-1.png
units/orcs/leader-ranged-attack-1.png	units/orcs/leader-ranged-attack-1.png
units/orcs/leader-ranged-attack-2.png	units/orcs/leader-ranged-attack-2.png
units/orcs/leader.png	units/orcs/leader.png
units/orcs/nightblade-attack-se-1.png	units/orcs/nightblade-attack-se-1.png
units/orcs/nightblade-attack-se-2.png	units/orcs/nightblade-attack-se-2.png
units/orcs/nightblade-attack-se-3.png	units/orcs/nightblade-attack-se-3.png
units/orcs/nightblade-attack-se-4.png	units/orcs/nightblade-attack-se-4.png
units/orcs/nightblade-attack-se-5.png	units/orcs/nightblade-attack-se-5.png
units/orcs/nightblade-attack-se-6.png	units/orcs/nightblade-attack-se-6.png
units/orcs/nightblade-attack-se-7.png	units/orcs/nightblade-attack-se-7.png
units/orcs/nightblade-attack-se-8.png	units/orcs/nightblade-attack-se-8.png
units/orcs/nightblade-attack-se-9.png	units/orcs/nightblade-attack-se-9.png
units/orcs/nightblade-kick-se-1.png	units/orcs/nightblade-kick-se-1.png
units/orcs/nightblade-kick-se-10.png	units/orcs/nightblade-kick-se-10.png
units/orcs/nightblade-kick-se-11.png	units/orcs/nightblade-kick-se-11.png
units/orcs/nightblade-kick-se-12.png	units/orcs/nightblade-kick-se-12.png
units/orcs/nightblade-kick-se-2.png	units/orcs/nightblade-kick-se-2.png
units/orcs/nightblade-kick-se-3.png	units/orcs/nightblade-kick-se-3.png
units/orcs/nightblade-kick-se-4.png	units/orcs/nightblade-kick-se-4.png
units/orcs/nightblade-kick-se-5.png	units/orcs/nightblade-kick-se-5.png
units/orcs/nightblade-kick-se-6.png	units/orcs/nightblade-kick-se-6.png
units/orcs/nightblade-kick-se-7.png	units/orcs/nightblade-kick-se-7.png
units/orcs/nightblade-kick-se-8.png	units/orcs/nightblade-kick-se-8.png
units/orcs/nightblade-kick-se-9.png	units/orcs/nightblade-kick-se-9.png
units/orcs/nightblade-throw-se-1.png	units/orcs/nightblade-throw-se-1.png
units/orcs/nightblade-throw-se-2.png	units/orcs/nightblade-throw-se-2.png
units/orcs/nightblade-throw-se-3.png	units/orcs/nightblade-throw-se-3.png
units/orcs/nightblade-throw-se-4.png	units/orcs/nightblade-throw-se-4.png
units/orcs/nightblade-throw-se-5.png	units/orcs/nightblade-throw-se-5.png
units/orcs/nightblade-throw-se-6.png	units/orcs/nightblade-throw-se-6.png
units/orcs/nightblade-throw-se-7.png	units/orcs/nightblade-throw-se-7.png
units/orcs/nightblade-throw-se-8.png	units/orcs/nightblade-throw-se-8.png
units/orcs/nightblade-throw-se-9.png	units/orcs/nightblade-throw-se-9.png
units/orcs/ruler-attack-sword-1.png	units/orcs/ruler-attack-sword-1.png
units/orcs/ruler-attack-sword-2.png	units/orcs/ruler-attack-sword-2.png
units/orcs/ruler-attack-sword-3.png	units/orcs/ruler-attack-sword-3.png
units/orcs/ruler-attack-sword-4.png	units/orcs/ruler-attack-sword-4.png
units/orcs/ruler-attack-sword-5.png	units/orcs/ruler-attack-sword-5.png
units/orcs/ruler-attack-sword-6.png	units/orcs/ruler-attack-sword-6.png
units/orcs/ruler-ranged-attack-1.png	units/orcs/ruler-ranged-attack-1.png
units/orcs/ruler-ranged-attack-2.png	units/orcs/ruler-ranged-attack-2.png
units/orcs/ruler.png	units/orcs/ruler.png
units/orcs/slayer-attack-1.png	units/orcs/slayer-attack-1.png
units/orcs/slayer-attack-10.png	units/orcs/slayer-attack-10.png
units/orcs/slayer-attack-11.png	units/orcs/slayer-attack-11.png
units/orcs/slayer-attack-12.png	units/orcs/slayer-attack-12.png
units/orcs/slayer-attack-13.png	units/orcs/slayer-attack-13.png
units/orcs/slayer-attack-14.png	units/orcs/slayer-attack-14.png
units/orcs/slayer-attack-2.png	units/orcs/slayer-attack-2.png
units/orcs/slayer-attack-3.png	units/orcs/slayer-attack-3.png
units/orcs/slayer-attack-4.png	units/orcs/slayer-attack-4.png
units/orcs/slayer-attack-5.png	units/orcs/slayer-attack-5.png
units/orcs/slayer-attack-6.png	units/orcs/slayer-attack-6.png
units/orcs/slayer-attack-7.png	units/orcs/slayer-attack-7.png
units/orcs/slayer-attack-8.png	units/orcs/slayer-attack-8.png
units/orcs/slayer-attack-9.png	units/orcs/slayer-attack-9.png
units/orcs/slayer-ranged1.png	units/orcs/slayer-ranged1.png
units/orcs/slayer-ranged2.png	units/orcs/slayer-ranged2.png
units/orcs/slurbow-melee-attack-1.png	units/orcs/slurbow-melee-attack-1.png
units/orcs/slurbow-melee-attack-2.png	units/orcs/slurbow-melee-attack-2.png
units/orcs/slurbow-melee-attack-3.png	units/orcs/slurbow-melee-attack-3.png
units/orcs/slurbow-melee-attack-4.png	units/orcs/slurbow-melee-attack-4.png
units/orcs/slurbow-melee.png	units/orcs/slurbow-melee.png
units/orcs/slurbow-ranged-1.png	units/orcs/slurbow-ranged-1.png
units/orcs/slurbow-ranged-2.png	units/orcs/slurbow-ranged-2.png
units/orcs/slurbow-ranged.png	units/orcs/slurbow-ranged.png
units/orcs/sovereign-attack-1.png	units/orcs/sovereign-attack-1.png
units/orcs/sovereign-attack-2.png	units/orcs/sovereign-attack-2.png
units/orcs/sovereign-attack-3.png	units/orcs/sovereign-attack-3.png
units/orcs/sovereign-attack-4.png	units/orcs/sovereign-attack-4.png
units/orcs/sovereign-attack-5.png	units/orcs/sovereign-attack-5.png
units/orcs/sovereign-defend-1.png	units/orcs/sovereign-defend-1.png
units/orcs/sovereign-ranged-attack-1.png	units/orcs/sovereign-ranged-attack-1.png
units/orcs/sovereign-ranged-attack-2.png	units/orcs/sovereign-ranged-attack-2.png
units/orcs/sovereign.png	units/orcs/sovereign.png
units/orcs/warlord-attack-sword-1.png	units/orcs/warlord-attack-sword-1.png
units/orcs/warlord-attack-sword-2.png	units/orcs/warlord-attack-sword-2.png
units/orcs/warlord-attack-sword-3.png	units/orcs/warlord-attack-sword-3.png
units/orcs/warlord-attack-sword-4.png	units/orcs/warlord-attack-sword-4.png
units/orcs/warlord-attack-sword-5.png	units/orcs/warlord-attack-sword-5.png
units/orcs/warlord-attack-sword-6.png	units/orcs/warlord-attack-sword-6.png
units/orcs/warlord-bow-attack-1.png	units/orcs/warlord-bow-attack-1.png
units/orcs/warlord-bow-attack-2.png	units/orcs/warlord-bow-attack-2.png
units/orcs/warlord-bow-attack-3.png	units/orcs/warlord-bow-attack-3.png
units/orcs/warlord-bow-attack-4.png	units/orcs/warlord-bow-attack-4.png
units/orcs/warlord-bow.png	units/orcs/warlord-bow.png
units/orcs/warlord.png	units/orcs/warlord.png
units/orcs/warrior-attack-1.png	units/orcs/warrior-attack-1.png
units/orcs/warrior-attack-2.png	units/orcs/warrior-attack-2.png
units/orcs/warrior-attack-3.png	units/orcs/warrior-attack-3.png
units/orcs/warrior-attack-4.png	units/orcs/warrior-attack-4.png
units/orcs/warrior-attack-5.png	units/orcs/warrior-attack-5.png
units/orcs/warrior-defend-1.png	units/orcs/warrior-defend-1.png
units/orcs/warrior.png	units/orcs/warrior.png
units/orcs/xbowman-melee-attack-1.png	units/orcs/xbowman-melee-attack-1.png
units/orcs/xbowman-melee-attack-2.png	units/orcs/xbowman-melee-attack-2.png
units/orcs/xbowman-melee-attack-3.png	units/orcs/xbowman-melee-attack-3.png
units/orcs/xbowman-melee-attack-4.png	units/orcs/xbowman-melee-attack-4.png
units/orcs/xbowman-melee.png	units/orcs/xbowman-melee.png
units/orcs/xbowman-ranged-1.png	units/orcs/xbowman-ranged-1.png
units/orcs/xbowman-ranged-2.png	units/orcs/xbowman-ranged-2.png
units/saurians/ambusher/ambusher-ne-throw1.png	units/saurians/ambusher/ambusher-ne-throw1.png
units/saurians/ambusher/ambusher-ne-throw2.png	units/saurians/ambusher/ambusher-ne-throw2.png
units/saurians/ambusher/ambusher-ne-throw3.png	units/saurians/ambusher/ambusher-ne-throw3.png
units/saurians/ambusher/ambusher-ne-throw4.png	units/saurians/ambusher/ambusher-ne-throw4.png
units/saurians/ambusher/ambusher-ne-throw5.png	units/saurians/ambusher/ambusher-ne-throw5.png
units/saurians/ambusher/ambusher-ne-throw6.png	units/saurians/ambusher/ambusher-ne-throw6.png
units/saurians/ambusher/ambusher-ne-throw7.png	units/saurians/ambusher/ambusher-ne-throw7.png
units/saurians/ambusher/ambusher-ne-throw8.png	units/saurians/ambusher/ambusher-ne-throw8.png
units/saurians/ambusher/ambusher-ne-throw9.png	units/saurians/ambusher/ambusher-ne-throw9.png
units/saurians/ambusher/ambusher-se-throw1.png	units/saurians/ambusher/ambusher-se-throw1.png
units/saurians/ambusher/ambusher-se-throw2.png	units/saurians/ambusher/ambusher-se-throw2.png
units/saurians/ambusher/ambusher-se-throw3.png	units/saurians/ambusher/ambusher-se-throw3.png
units/saurians/ambusher/ambusher-se-throw4.png	units/saurians/ambusher/ambusher-se-throw4.png
units/saurians/ambusher/ambusher-se-throw5.png	units/saurians/ambusher/ambusher-se-throw5.png
units/saurians/ambusher/ambusher-se-throw6.png	units/saurians/ambusher/ambusher-se-throw6.png
units/saurians/ambusher/ambusher-se-throw7.png	units/saurians/ambusher/ambusher-se-throw7.png
units/saurians/ambusher/ambusher-se-throw8.png	units/saurians/ambusher/ambusher-se-throw8.png
units/saurians/ambusher/ambusher-se-throw9.png	units/saurians/ambusher/ambusher-se-throw9.png
units/saurians/augur/augur-ne-defend1.png	units/saurians/augur/augur-ne-defend1.png
units/saurians/augur/augur-ne-magic1.png	units/saurians/augur/augur-ne-magic1.png
units/saurians/augur/augur-ne-magic2.png	units/saurians/augur/augur-ne-magic2.png
units/saurians/augur/augur-ne-melee1.png	units/saurians/augur/augur-ne-melee1.png
units/saurians/augur/augur-ne-melee2.png	units/saurians/augur/augur-ne-melee2.png
units/saurians/augur/augur-ne-melee3.png	units/saurians/augur/augur-ne-melee3.png
units/saurians/augur/augur-ne-melee4.png	units/saurians/augur/augur-ne-melee4.png
units/saurians/augur/augur-ne-melee5.png	units/saurians/augur/augur-ne-melee5.png
units/saurians/augur/augur-se-defend1.png	units/saurians/augur/augur-se-defend1.png
units/saurians/augur/augur-se-magic1.png	units/saurians/augur/augur-se-magic1.png
units/saurians/augur/augur-se-magic2.png	units/saurians/augur/augur-se-magic2.png
units/saurians/augur/augur-se-melee1.png	units/saurians/augur/augur-se-melee1.png
units/saurians/augur/augur-se-melee2.png	units/saurians/augur/augur-se-melee2.png
units/saurians/augur/augur-se-melee3.png	units/saurians/augur/augur-se-melee3.png
units/saurians/augur/augur-se-melee4.png	units/saurians/augur/augur-se-melee4.png
units/saurians/augur/augur-se-melee5.png	units/saurians/augur/augur-se-melee5.png
units/saurians/flanker/flanker-ne-throw1.png	units/saurians/flanker/flanker-ne-throw1.png
units/saurians/flanker/flanker-ne-throw2.png	units/saurians/flanker/flanker-ne-throw2.png
units/saurians/flanker/flanker-ne-throw3.png	units/saurians/flanker/flanker-ne-throw3.png
units/saurians/flanker/flanker-ne-throw4.png	units/saurians/flanker/flanker-ne-throw4.png
units/saurians/flanker/flanker-ne-throw5.png	units/saurians/flanker/flanker-ne-throw5.png
units/saurians/flanker/flanker-ne-throw6.png	units/saurians/flanker/flanker-ne-throw6.png
units/saurians/flanker/flanker-ne-throw7.png	units/saurians/flanker/flanker-ne-throw7.png
units/saurians/flanker/flanker-ne-throw8.png	units/saurians/flanker/flanker-ne-throw8.png
units/saurians/flanker/flanker-ne-throw9.png	units/saurians/flanker/flanker-ne-throw9.png
units/saurians/flanker/flanker-se-throw1.png	units/saurians/flanker/flanker-se-throw1.png
units/saurians/flanker/flanker-se-throw2.png	units/saurians/flanker/flanker-se-throw2.png
units/saurians/flanker/flanker-se-throw3.png	units/saurians/flanker/flanker-se-throw3.png
units/saurians/flanker/flanker-se-throw4.png	units/saurians/flanker/flanker-se-throw4.png
units/saurians/flanker/flanker-se-throw5.png	units/saurians/flanker/flanker-se-throw5.png
units/saurians/flanker/flanker-se-throw6.png	units/saurians/flanker/flanker-se-throw6.png
units/saurians/flanker/flanker-se-throw7.png	units/saurians/flanker/flanker-se-throw7.png
units/saurians/flanker/flanker-se-throw8.png	units/saurians/flanker/flanker-se-throw8.png
units/saurians/flanker/flanker-se-throw9.png	units/saurians/flanker/flanker-se-throw9.png
units/saurians/javelineer/javelineer-ne-throw1.png	units/saurians/javelineer/javelineer-ne-throw1.png
units/saurians/javelineer/javelineer-ne-throw2.png	units/saurians/javelineer/javelineer-ne-throw2.png
units/saurians/javelineer/javelineer-ne-throw3.png	units/saurians/javelineer/javelineer-ne-throw3.png
units/saurians/javelineer/javelineer-ne-throw4.png	units/saurians/javelineer/javelineer-ne-throw4.png
units/saurians/javelineer/javelineer-ne-throw5.png	units/saurians/javelineer/javelineer-ne-throw5.png
units/saurians/javelineer/javelineer-ne-throw6.png	units/saurians/javelineer/javelineer-ne-throw6.png
units/saurians/javelineer/javelineer-ne-throw7.png	units/saurians/javelineer/javelineer-ne-throw7.png
units/saurians/javelineer/javelineer-ne-throw8.png	units/saurians/javelineer/javelineer-ne-throw8.png
units/saurians/javelineer/javelineer-ne-throw9.png	units/saurians/javelineer/javelineer-ne-throw9.png
units/saurians/javelineer/javelineer-se-throw1.png	units/saurians/javelineer/javelineer-se-throw1.png
units/saurians/javelineer/javelineer-se-throw2.png	units/saurians/javelineer/javelineer-se-throw2.png
units/saurians/javelineer/javelineer-se-throw3.png	units/saurians/javelineer/javelineer-se-throw3.png
units/saurians/javelineer/javelineer-se-throw4.png	units/saurians/javelineer/javelineer-se-throw4.png
units/saurians/javelineer/javelineer-se-throw5.png	units/saurians/javelineer/javelineer-se-throw5.png
units/saurians/javelineer/javelineer-se-throw6.png	units/saurians/javelineer/javelineer-se-throw6.png
units/saurians/javelineer/javelineer-se-throw7.png	units/saurians/javelineer/javelineer-se-throw7.png
units/saurians/javelineer/javelineer-se-throw8.png	units/saurians/javelineer/javelineer-se-throw8.png
units/saurians/javelineer/javelineer-se-throw9.png	units/saurians/javelineer/javelineer-se-throw9.png
units/saurians/oracle/oracle-ne-magic1.png	units/saurians/oracle/oracle-ne-magic1.png
units/saurians/oracle/oracle-ne-magic2.png	units/saurians/oracle/oracle-ne-magic2.png
units/saurians/oracle/oracle-ne-melee1.png	units/saurians/oracle/oracle-ne-melee1.png
units/saurians/oracle/oracle-ne-melee2.png	units/saurians/oracle/oracle-ne-melee2.png
units/saurians/oracle/oracle-ne-melee3.png	units/saurians/oracle/oracle-ne-melee3.png
units/saurians/oracle/oracle-ne-melee4.png	units/saurians/oracle/oracle-ne-melee4.png
units/saurians/oracle/oracle-ne-melee5.png	units/saurians/oracle/oracle-ne-melee5.png
units/saurians/oracle/oracle-ne-melee6.png	units/saurians/oracle/oracle-ne-melee6.png
units/saurians/oracle/oracle-se-defend1.png	units/saurians/oracle/oracle-se-defend1.png
units/saurians/oracle/oracle-se-magic1.png	units/saurians/oracle/oracle-se-magic1.png
units/saurians/oracle/oracle-se-magic2.png	units/saurians/oracle/oracle-se-magic2.png
units/saurians/oracle/oracle-se-melee1.png	units/saurians/oracle/oracle-se-melee1.png
units/saurians/oracle/oracle-se-melee2.png	units/saurians/oracle/oracle-se-melee2.png
units/saurians/oracle/oracle-se-melee3.png	units/saurians/oracle/oracle-se-melee3.png
units/saurians/oracle/oracle-se-melee4.png	units/saurians/oracle/oracle-se-melee4.png
units/saurians/oracle/oracle-se-melee5.png	units/saurians/oracle/oracle-se-melee5.png
units/saurians/prophet/prophet-ne-magic1.png	units/saurians/prophet/prophet-ne-magic1.png
units/saurians/prophet/prophet-ne-magic2.png	units/saurians/prophet/prophet-ne-magic2.png
units/saurians/prophet/prophet-ne-melee1.png	units/saurians/prophet/prophet-ne-melee1.png
units/saurians/prophet/prophet-ne-melee2.png	units/saurians/prophet/prophet-ne-melee2.png
units/saurians/prophet/prophet-ne-melee3.png	units/saurians/prophet/prophet-ne-melee3.png
units/saurians/prophet/prophet-ne-melee4.png	units/saurians/prophet/prophet-ne-melee4.png
units/saurians/prophet/prophet-ne-melee5.png	units/saurians/prophet/prophet-ne-melee5.png
units/saurians/prophet/prophet-ne-melee6.png	units/saurians/prophet/prophet-ne-melee6.png
units/saurians/prophet/prophet-se-defend1.png	units/saurians/prophet/prophet-se-defend1.png
units/saurians/prophet/prophet-se-magic1.png	units/saurians/prophet/prophet-se-magic1.png
units/saurians/prophet/prophet-se-magic2.png	units/saurians/prophet/prophet-se-magic2.png
units/saurians/prophet/prophet-se-melee1.png	units/saurians/prophet/prophet-se-melee1.png
units/saurians/prophet/prophet-se-melee2.png	units/saurians/prophet/prophet-se-melee2.png
units/saurians/prophet/prophet-se-melee3.png	units/saurians/prophet/prophet-se-melee3.png
units/saurians/prophet/prophet-se-melee4.png	units/saurians/prophet/prophet-se-melee4.png
units/saurians/prophet/prophet-se-melee5.png	units/saurians/prophet/prophet-se-melee5.png
units/saurians/seer/seer-ne-defend1.png	units/saurians/seer/seer-ne-defend1.png
units/saurians/seer/seer-ne-magic1.png	units/saurians/seer/seer-ne-magic1.png
units/saurians/seer/seer-ne-magic2.png	units/saurians/seer/seer-ne-magic2.png
units/saurians/seer/seer-ne-melee1.png	units/saurians/seer/seer-ne-melee1.png
units/saurians/seer/seer-ne-melee2.png	units/saurians/seer/seer-ne-melee2.png
units/saurians/seer/seer-ne-melee3.png	units/saurians/seer/seer-ne-melee3.png
units/saurians/seer/seer-ne-melee4.png	units/saurians/seer/seer-ne-melee4.png
units/saurians/seer/seer-ne-melee5.png	units/saurians/seer/seer-ne-melee5.png
units/saurians/seer/seer-se-defend1.png	units/saurians/seer/seer-se-defend1.png
units/saurians/seer/seer-se-magic1.png	units/saurians/seer/seer-se-magic1.png
units/saurians/seer/seer-se-magic2.png	units/saurians/seer/seer-se-magic2.png
units/saurians/seer/seer-se-melee1.png	units/saurians/seer/seer-se-melee1.png
units/saurians/seer/seer-se-melee2.png	units/saurians/seer/seer-se-melee2.png
units/saurians/seer/seer-se-melee3.png	units/saurians/seer/seer-se-melee3.png
units/saurians/seer/seer-se-melee4.png	units/saurians/seer/seer-se-melee4.png
units/saurians/seer/seer-se-melee5.png	units/saurians/seer/seer-se-melee5.png
units/saurians/skirmisher/skirmisher-ne-throw1.png	units/saurians/skirmisher/skirmisher-ne-throw1.png
units/saurians/skirmisher/skirmisher-ne-throw2.png	units/saurians/skirmisher/skirmisher-ne-throw2.png
units/saurians/skirmisher/skirmisher-ne-throw3.png	units/saurians/skirmisher/skirmisher-ne-throw3.png
units/saurians/skirmisher/skirmisher-ne-throw4.png	units/saurians/skirmisher/skirmisher-ne-throw4.png
units/saurians/skirmisher/skirmisher-ne-throw5.png	units/saurians/skirmisher/skirmisher-ne-throw5.png
units/saurians/skirmisher/skirmisher-ne-throw6.png	units/saurians/skirmisher/skirmisher-ne-throw6.png
units/saurians/skirmisher/skirmisher-ne-throw7.png	units/saurians/skirmisher/skirmisher-ne-throw7.png
units/saurians/skirmisher/skirmisher-ne-throw8.png	units/saurians/skirmisher/skirmisher-ne-throw8.png
units/saurians/skirmisher/skirmisher-ne-throw9.png	units/saurians/skirmisher/skirmisher-ne-throw9.png
units/saurians/skirmisher/skirmisher-se-throw1.png	units/saurians/skirmisher/skirmisher-se-throw1.png
units/saurians/skirmisher/skirmisher-se-throw2.png	units/saurians/skirmisher/skirmisher-se-throw2.png
units/saurians/skirmisher/skirmisher-se-throw3.png	units/saurians/skirmisher/skirmisher-se-throw3.png
units/saurians/skirmisher/skirmisher-se-throw4.png	units/saurians/skirmisher/skirmisher-se-throw4.png
units/saurians/skirmisher/skirmisher-se-throw5.png	units/saurians/skirmisher/skirmisher-se-throw5.png
units/saurians/skirmisher/skirmisher-se-throw6.png	units/saurians/skirmisher/skirmisher-se-throw6.png
units/saurians/skirmisher/skirmisher-se-throw7.png	units/saurians/skirmisher/skirmisher-se-throw7.png
units/saurians/skirmisher/skirmisher-se-throw8.png	units/saurians/skirmisher/skirmisher-se-throw8.png
units/saurians/skirmisher/skirmisher-se-throw9.png	units/saurians/skirmisher/skirmisher-se-throw9.png
units/saurians/soothsayer/soothsayer-ne-defend1.png	units/saurians/soothsayer/soothsayer-ne-defend1.png
units/saurians/soothsayer/soothsayer-ne-magic1.png	units/saurians/soothsayer/soothsayer-ne-magic1.png
units/saurians/soothsayer/soothsayer-ne-magic2.png	units/saurians/soothsayer/soothsayer-ne-magic2.png
units/saurians/soothsayer/soothsayer-ne-melee1.png	units/saurians/soothsayer/soothsayer-ne-melee1.png
units/saurians/soothsayer/soothsayer-ne-melee2.png	units/saurians/soothsayer/soothsayer-ne-melee2.png
units/saurians/soothsayer/soothsayer-ne-melee3.png	units/saurians/soothsayer/soothsayer-ne-melee3.png
units/saurians/soothsayer/soothsayer-ne-melee4.png	units/saurians/soothsayer/soothsayer-ne-melee4.png
units/saurians/soothsayer/soothsayer-ne-melee5.png	units/saurians/soothsayer/soothsayer-ne-melee5.png
units/saurians/soothsayer/soothsayer-se-defend1.png	units/saurians/soothsayer/soothsayer-se-defend1.png
units/saurians/soothsayer/soothsayer-se-magic1.png	units/saurians/soothsayer/soothsayer-se-magic1.png
units/saurians/soothsayer/soothsayer-se-magic2.png	units/saurians/soothsayer/soothsayer-se-magic2.png
units/saurians/soothsayer/soothsayer-se-melee1.png	units/saurians/soothsayer/soothsayer-se-melee1.png
units/saurians/soothsayer/soothsayer-se-melee2.png	units/saurians/soothsayer/soothsayer-se-melee2.png
units/saurians/soothsayer/soothsayer-se-melee3.png	units/saurians/soothsayer/soothsayer-se-melee3.png
units/saurians/soothsayer/soothsayer-se-melee4.png	units/saurians/soothsayer/soothsayer-se-melee4.png
units/saurians/soothsayer/soothsayer-se-melee5.png	units/saurians/soothsayer/soothsayer-se-melee5.png
units/saurians/spearthrower/spearthrower-ne-throw1.png	units/saurians/spearthrower/spearthrower-ne-throw1.png
units/saurians/spearthrower/spearthrower-ne-throw2.png	units/saurians/spearthrower/spearthrower-ne-throw2.png
units/saurians/spearthrower/spearthrower-ne-throw3.png	units/saurians/spearthrower/spearthrower-ne-throw3.png
units/saurians/spearthrower/spearthrower-ne-throw4.png	units/saurians/spearthrower/spearthrower-ne-throw4.png
units/saurians/spearthrower/spearthrower-ne-throw5.png	units/saurians/spearthrower/spearthrower-ne-throw5.png
units/saurians/spearthrower/spearthrower-ne-throw6.png	units/saurians/spearthrower/spearthrower-ne-throw6.png
units/saurians/spearthrower/spearthrower-ne-throw7.png	units/saurians/spearthrower/spearthrower-ne-throw7.png
units/saurians/spearthrower/spearthrower-ne-throw8.png	units/saurians/spearthrower/spearthrower-ne-throw8.png
units/saurians/spearthrower/spearthrower-ne-throw9.png	units/saurians/spearthrower/spearthrower-ne-throw9.png
units/saurians/spearthrower/spearthrower-se-throw1.png	units/saurians/spearthrower/spearthrower-se-throw1.png
units/saurians/spearthrower/spearthrower-se-throw2.png	units/saurians/spearthrower/spearthrower-se-throw2.png
units/saurians/spearthrower/spearthrower-se-throw3.png	units/saurians/spearthrower/spearthrower-se-throw3.png
units/saurians/spearthrower/spearthrower-se-throw4.png	units/saurians/spearthrower/spearthrower-se-throw4.png
units/saurians/spearthrower/spearthrower-se-throw5.png	units/saurians/spearthrower/spearthrower-se-throw5.png
units/saurians/spearthrower/spearthrower-se-throw6.png	units/saurians/spearthrower/spearthrower-se-throw6.png
units/saurians/spearthrower/spearthrower-se-throw7.png	units/saurians/spearthrower/spearthrower-se-throw7.png
units/saurians/spearthrower/spearthrower-se-throw8.png	units/saurians/spearthrower/spearthrower-se-throw8.png
units/saurians/spearthrower/spearthrower-se-throw9.png	units/saurians/spearthrower/spearthrower-se-throw9.png
units/trolls/great-troll-attack-1.png	units/trolls/great-troll-attack-1.png
units/trolls/great-troll-attack-2.png	units/trolls/great-troll-attack-2.png
units/trolls/great-troll-attack-3.png	units/trolls/great-troll-attack-3.png
units/trolls/great-troll-attack-4.png	units/trolls/great-troll-attack-4.png
units/trolls/great-troll-attack-5.png	units/trolls/great-troll-attack-5.png
units/trolls/great-troll.png	units/trolls/great-troll.png
units/trolls/grunt-attack-1.png	units/trolls/grunt-attack-1.png
units/trolls/grunt-attack-2.png	units/trolls/grunt-attack-2.png
units/trolls/grunt-attack-3.png	units/trolls/grunt-attack-3.png
units/trolls/grunt-attack-4.png	units/trolls/grunt-attack-4.png
units/trolls/grunt-defend.png	units/trolls/grunt-defend.png
units/trolls/grunt.png	units/trolls/grunt.png
units/trolls/lobber-attack-melee.png	units/trolls/lobber-attack-melee.png
units/trolls/lobber-attack-ranged1.png	units/trolls/lobber-attack-ranged1.png
units/trolls/lobber-attack-ranged2.png	units/trolls/lobber-attack-ranged2.png
units/trolls/lobber-defend.png	units/trolls/lobber-defend.png
units/trolls/lobber.png	units/trolls/lobber.png
units/trolls/shaman-fist-1.png	units/trolls/shaman-fist-1.png
units/trolls/shaman-fist-2.png	units/trolls/shaman-fist-2.png
units/trolls/shaman-fist-3.png	units/trolls/shaman-fist-3.png
units/trolls/shaman-fist-4.png	units/trolls/shaman-fist-4.png
units/trolls/shaman-fist-5.png	units/trolls/shaman-fist-5.png
units/trolls/shaman-ranged-1.png	units/trolls/shaman-ranged-1.png
units/trolls/shaman-ranged-2.png	units/trolls/shaman-ranged-2.png
units/trolls/shaman-ranged-3.png	units/trolls/shaman-ranged-3.png
units/trolls/shaman.png	units/trolls/shaman.png
units/trolls/troll-hero-attack-se-1.png	units/trolls/troll-hero-attack-se-1.png
units/trolls/troll-hero-attack-se-2.png	units/trolls/troll-hero-attack-se-2.png
units/trolls/troll-hero-attack-se-3.png	units/trolls/troll-hero-attack-se-3.png
units/trolls/troll-hero-attack-se-4.png	units/trolls/troll-hero-attack-se-4.png
units/trolls/troll-hero-attack-se-5.png	units/trolls/troll-hero-attack-se-5.png
units/trolls/troll-hero-attack-se-6.png	units/trolls/troll-hero-attack-se-6.png
units/trolls/warrior-attack-1.png	units/trolls/warrior-attack-1.png
units/trolls/warrior-attack-2.png	units/trolls/warrior-attack-2.png
units/trolls/warrior-attack-3.png	units/trolls/warrior-attack-3.png
units/trolls/warrior-attack-4.png	units/trolls/warrior-attack-4.png
units/trolls/warrior.png	units/trolls/warrior.png
units/trolls/whelp-attack-1.png	units/trolls/whelp-attack-1.png
units/trolls/whelp-attack-2.png	units/trolls/whelp-attack-2.png
units/trolls/whelp-attack-3.png	units/trolls/whelp-attack-3.png
units/trolls/whelp.png	units/trolls/whelp.png
units/undead-necromancers/adept-magic-1.png	units/undead-necromancers/adept-magic-1.png
units/undead-necromancers/adept-magic-2.png	units/undead-necromancers/adept-magic-2.png
units/undead-necromancers/adept-magic-3.png	units/undead-necromancers/adept-magic-3.png
units/undead-necromancers/adept.png	units/undead-necromancers/adept.png
units/undead-necromancers/ancient-lich-magic-1.png	units/undead-necromancers/ancient-lich-magic-1.png
units/undead-necromancers/ancient-lich-magic-2.png	units/undead-necromancers/ancient-lich-magic-2.png
units/undead-necromancers/ancient-lich-magic-3.png	units/undead-necromancers/ancient-lich-magic-3.png
units/undead-necromancers/ancient-lich-melee-1.png	units/undead-necromancers/ancient-lich-melee-1.png
units/undead-necromancers/ancient-lich-melee-2.png	units/undead-necromancers/ancient-lich-melee-2.png
units/undead-necromancers/ancient-lich.png	units/undead-necromancers/ancient-lich.png
units/undead-necromancers/dark-sorcerer-attack-staff-1.png	units/undead-necromancers/dark-sorcerer-attack-staff-1.png
units/undead-necromancers/dark-sorcerer-attack-staff-2.png	units/undead-necromancers/dark-sorcerer-attack-staff-2.png
units/undead-necromancers/dark-sorcerer-magic-1.png	units/undead-necromancers/dark-sorcerer-magic-1.png
units/undead-necromancers/dark-sorcerer-magic-2.png	units/undead-necromancers/dark-sorcerer-magic-2.png
units/undead-necromancers/dark-sorcerer-magic-3.png	units/undead-necromancers/dark-sorcerer-magic-3.png
units/undead-necromancers/dark-sorcerer.png	units/undead-necromancers/dark-sorcerer.png
units/undead-necromancers/lich-magic-1.png	units/undead-necromancers/lich-magic-1.png
units/undead-necromancers/lich-magic-2.png	units/undead-necromancers/lich-magic-2.png
units/undead-necromancers/lich-magic-3.png	units/undead-necromancers/lich-magic-3.png
units/undead-necromancers/lich-melee-1.png	units/undead-necromancers/lich-melee-1.png
units/undead-necromancers/lich-melee-2.png	units/undead-necromancers/lich-melee-2.png
units/undead-necromancers/lich.png	units/undead-necromancers/lich.png
units/undead-necromancers/necromancer-attack-staff-1.png	units/undead-necromancers/necromancer-attack-staff-1.png
units/undead-necromancers/necromancer-attack-staff-2.png	units/undead-necromancers/necromancer-attack-staff-2.png
units/undead-necromancers/necromancer-magic-1.png	units/undead-necromancers/necromancer-magic-1.png
units/undead-necromancers/necromancer-magic-2.png	units/undead-necromancers/necromancer-magic-2.png
units/undead-necromancers/necromancer-magic-3.png	units/undead-necromancers/necromancer-magic-3.png
units/undead-necromancers/necromancer.png	units/undead-necromancers/necromancer.png
units/undead-skeletal/archer/archer-attack.png	units/undead-skeletal/archer/archer-attack.png
units/undead-skeletal/archer/archer-bow-attack-1.png	units/undead-skeletal/archer/archer-bow-attack-1.png
units/undead-skeletal/archer/archer-bow-attack-2.png	units/undead-skeletal/archer/archer-bow-attack-2.png
units/undead-skeletal/archer/archer-bow-attack-3.png	units/undead-skeletal/archer/archer-bow-attack-3.png
units/undead-skeletal/archer/archer-bow-attack-4.png	units/undead-skeletal/archer/archer-bow-attack-4.png
units/undead-skeletal/archer/archer-bow.png	units/undead-skeletal/archer/archer-bow.png
units/undead-skeletal/archer/archer.png	units/undead-skeletal/archer/archer.png
units/undead-skeletal/banebow-bow-attack-1.png	units/undead-skeletal/banebow-bow-attack-1.png
units/undead-skeletal/banebow-bow-attack-2.png	units/undead-skeletal/banebow-bow-attack-2.png
units/undead-skeletal/banebow-bow-attack-3.png	units/undead-skeletal/banebow-bow-attack-3.png
units/undead-skeletal/banebow-bow-attack-4.png	units/undead-skeletal/banebow-bow-attack-4.png
units/undead-skeletal/banebow-bow.png	units/undead-skeletal/banebow-bow.png
units/undead-skeletal/banebow-melee-attack-1.png	units/undead-skeletal/banebow-melee-attack-1.png
units/undead-skeletal/banebow-melee-attack-2.png	units/undead-skeletal/banebow-melee-attack-2.png
units/undead-skeletal/banebow-melee-attack-3.png	units/undead-skeletal/banebow-melee-attack-3.png
units/undead-skeletal/banebow-melee-attack-4.png	units/undead-skeletal/banebow-melee-attack-4.png
units/undead-skeletal/banebow-melee-defend-1.png	units/undead-skeletal/banebow-melee-defend-1.png
units/undead-skeletal/bone-shooter-bow-attack-1.png	units/undead-skeletal/bone-shooter-bow-attack-1.png
units/undead-skeletal/bone-shooter-bow-attack-2.png	units/undead-skeletal/bone-shooter-bow-attack-2.png
units/undead-skeletal/bone-shooter-bow-attack-3.png	units/undead-skeletal/bone-shooter-bow-attack-3.png
units/undead-skeletal/bone-shooter-bow-attack-4.png	units/undead-skeletal/bone-shooter-bow-attack-4.png
units/undead-skeletal/bone-shooter-bow.png	units/undead-skeletal/bone-shooter-bow.png
units/undead-skeletal/bone-shooter-melee-attack-1.png	units/undead-skeletal/bone-shooter-melee-attack-1.png
units/undead-skeletal/bone-shooter-melee-attack-2.png	units/undead-skeletal/bone-shooter-melee-attack-2.png
units/undead-skeletal/bone-shooter-melee-attack-3.png	units/undead-skeletal/bone-shooter-melee-attack-3.png
units/undead-skeletal/bone-shooter-melee-attack-4.png	units/undead-skeletal/bone-shooter-melee-attack-4.png
units/undead-skeletal/bone-shooter-melee-defend-1.png	units/undead-skeletal/bone-shooter-melee-defend-1.png
units/undead-skeletal/boneknight-attack.png	units/undead-skeletal/boneknight-attack.png
units/undead-skeletal/boneknight-attack2.png	units/undead-skeletal/boneknight-attack2.png
units/undead-skeletal/boneknight-trample1.png	units/undead-skeletal/boneknight-trample1.png
units/undead-skeletal/boneknight-trample2.png	units/undead-skeletal/boneknight-trample2.png
units/undead-skeletal/boneknight-trample3.png	units/undead-skeletal/boneknight-trample3.png
units/undead-skeletal/boneknight-trample4.png	units/undead-skeletal/boneknight-trample4.png
units/undead-skeletal/boneknight.png	units/undead-skeletal/boneknight.png
units/undead-skeletal/chocobone-attack-1.png	units/undead-skeletal/chocobone-attack-1.png
units/undead-skeletal/chocobone-attack-2.png	units/undead-skeletal/chocobone-attack-2.png
units/undead-skeletal/chocobone-attack-3.png	units/undead-skeletal/chocobone-attack-3.png
units/undead-skeletal/chocobone-attack-4.png	units/undead-skeletal/chocobone-attack-4.png
units/undead-skeletal/deathblade-attack1.png	units/undead-skeletal/deathblade-attack1.png
units/undead-skeletal/deathblade-attack2.png	units/undead-skeletal/deathblade-attack2.png
units/undead-skeletal/deathblade-attack3.png	units/undead-skeletal/deathblade-attack3.png
units/undead-skeletal/deathblade-defend-1.png	units/undead-skeletal/deathblade-defend-1.png
units/undead-skeletal/deathknight-crossbow-attack1.png	units/undead-skeletal/deathknight-crossbow-attack1.png
units/undead-skeletal/deathknight-crossbow-attack2.png	units/undead-skeletal/deathknight-crossbow-attack2.png
units/undead-skeletal/deathknight-crossbow.png	units/undead-skeletal/deathknight-crossbow.png
units/undead-skeletal/deathknight-melee-attack-1.png	units/undead-skeletal/deathknight-melee-attack-1.png
units/undead-skeletal/deathknight-melee-attack-2.png	units/undead-skeletal/deathknight-melee-attack-2.png
units/undead-skeletal/deathknight-melee-attack-3.png	units/undead-skeletal/deathknight-melee-attack-3.png
units/undead-skeletal/deathknight-melee-attack-4.png	units/undead-skeletal/deathknight-melee-attack-4.png
units/undead-skeletal/deathknight-melee-attack-5.png	units/undead-skeletal/deathknight-melee-attack-5.png
units/undead-skeletal/deathknight-melee-attack-6.png	units/undead-skeletal/deathknight-melee-attack-6.png
units/undead-skeletal/deathknight.png	units/undead-skeletal/deathknight.png
units/undead-skeletal/deathsquire-attack-1.png	units/undead-skeletal/deathsquire-attack-1.png
units/undead-skeletal/deathsquire-attack-2.png	units/undead-skeletal/deathsquire-attack-2.png
units/undead-skeletal/deathsquire-attack-3.png	units/undead-skeletal/deathsquire-attack-3.png
units/undead-skeletal/deathsquire-attack-4.png	units/undead-skeletal/deathsquire-attack-4.png
units/undead-skeletal/deathsquire-attack-5.png	units/undead-skeletal/deathsquire-attack-5.png
units/undead-skeletal/deathsquire-attack-6.png	units/undead-skeletal/deathsquire-attack-6.png
units/undead-skeletal/deathsquire.png	units/undead-skeletal/deathsquire.png
units/undead-skeletal/draug-attack1.png	units/undead-skeletal/draug-attack1.png
units/undead-skeletal/draug-attack2.png	units/undead-skeletal/draug-attack2.png
units/undead-skeletal/draug-defend-1.png	units/undead-skeletal/draug-defend-1.png
units/undead-skeletal/draug.png	units/undead-skeletal/draug.png
units/undead-skeletal/revenant/revenant-attack-1.png	units/undead-skeletal/revenant/revenant-attack-1.png
units/undead-skeletal/revenant/revenant-attack-10.png	units/undead-skeletal/revenant/revenant-attack-10.png
units/undead-skeletal/revenant/revenant-attack-2.png	units/undead-skeletal/revenant/revenant-attack-2.png
units/undead-skeletal/revenant/revenant-attack-3.png	units/undead-skeletal/revenant/revenant-attack-3.png
units/undead-skeletal/revenant/revenant-attack-4.png	units/undead-skeletal/revenant/revenant-attack-4.png
units/undead-skeletal/revenant/revenant-attack-5.png	units/undead-skeletal/revenant/revenant-attack-5.png
units/undead-skeletal/revenant/revenant-attack-6.png	units/undead-skeletal/revenant/revenant-attack-6.png
units/undead-skeletal/revenant/revenant-attack-7.png	units/undead-skeletal/revenant/revenant-attack-7.png
units/undead-skeletal/revenant/revenant-attack-8.png	units/undead-skeletal/revenant/revenant-attack-8.png
units/undead-skeletal/revenant/revenant-attack-9.png	units/undead-skeletal/revenant/revenant-attack-9.png
units/undead-skeletal/rider-attack1.png	units/undead-skeletal/rider-attack1.png
units/undead-skeletal/rider-attack2.png	units/undead-skeletal/rider-attack2.png
units/undead-skeletal/rider-attack3.png	units/undead-skeletal/rider-attack3.png
units/undead-skeletal/rider-attack4.png	units/undead-skeletal/rider-attack4.png
units/undead-skeletal/rider-attack5.png	units/undead-skeletal/rider-attack5.png
units/undead-skeletal/rider-attack6.png	units/undead-skeletal/rider-attack6.png
units/undead-skeletal/rider.png	units/undead-skeletal/rider.png
units/undead-skeletal/skeleton/skeleton-ne-melee1.png	units/undead-skeletal/skeleton/skeleton-ne-melee1.png
units/undead-skeletal/skeleton/skeleton-ne-melee10.png	units/undead-skeletal/skeleton/skeleton-ne-melee10.png
units/undead-skeletal/skeleton/skeleton-ne-melee2.png	units/undead-skeletal/skeleton/skeleton-ne-melee2.png
units/undead-skeletal/skeleton/skeleton-ne-melee3.png	units/undead-skeletal/skeleton/skeleton-ne-melee3.png
units/undead-skeletal/skeleton/skeleton-ne-melee4.png	units/undead-skeletal/skeleton/skeleton-ne-melee4.png
units/undead-skeletal/skeleton/skeleton-ne-melee5.png	units/undead-skeletal/skeleton/skeleton-ne-melee5.png
units/undead-skeletal/skeleton/skeleton-ne-melee6.png	units/undead-skeletal/skeleton/skeleton-ne-melee6.png
units/undead-skeletal/skeleton/skeleton-ne-melee7.png	units/undead-skeletal/skeleton/skeleton-ne-melee7.png
units/undead-skeletal/skeleton/skeleton-ne-melee8.png	units/undead-skeletal/skeleton/skeleton-ne-melee8.png
units/undead-skeletal/skeleton/skeleton-ne-melee9.png	units/undead-skeletal/skeleton/skeleton-ne-melee9.png
units/undead-skeletal/skeleton/skeleton-se-melee1.png	units/undead-skeletal/skeleton/skeleton-se-melee1.png
units/undead-skeletal/skeleton/skeleton-se-melee10.png	units/undead-skeletal/skeleton/skeleton-se-melee10.png
units/undead-skeletal/skeleton/skeleton-se-melee2.png	units/undead-skeletal/skeleton/skeleton-se-melee2.png
units/undead-skeletal/skeleton/skeleton-se-melee3.png	units/undead-skeletal/skeleton/skeleton-se-melee3.png
units/undead-skeletal/skeleton/skeleton-se-melee4.png	units/undead-skeletal/skeleton/skeleton-se-melee4.png
units/undead-skeletal/skeleton/skeleton-se-melee5.png	units/undead-skeletal/skeleton/skeleton-se-melee5.png
units/undead-skeletal/skeleton/skeleton-se-melee6.png	units/undead-skeletal/skeleton/skeleton-se-melee6.png
units/undead-skeletal/skeleton/skeleton-se-melee7.png	units/undead-skeletal/skeleton/skeleton-se-melee7.png
units/undead-skeletal/skeleton/skeleton-se-melee8.png	units/undead-skeletal/skeleton/skeleton-se-melee8.png
units/undead-skeletal/skeleton/skeleton-se-melee9.png	units/undead-skeletal/skeleton/skeleton-se-melee9.png
units/undead-spirit/ghost-n-2.png	units/undead-spirit/ghost-n-2.png
units/undead-spirit/ghost-n-attack-1.png	units/undead-spirit/ghost-n-attack-1.png
units/undead-spirit/ghost-n-attack-2.png	units/undead-spirit/ghost-n-attack-2.png
units/undead-spirit/ghost-n-attack-3.png	units/undead-spirit/ghost-n-attack-3.png
units/undead-spirit/ghost-s-2.png	units/undead-spirit/ghost-s-2.png
units/undead-spirit/ghost-s-attack-1.png	units/undead-spirit/ghost-s-attack-1.png
units/undead-spirit/ghost-s-attack-2.png	units/undead-spirit/ghost-s-attack-2.png
units/undead-spirit/ghost-s-attack-3.png	units/undead-spirit/ghost-s-attack-3.png
units/undead-spirit/nightgaunt-attack-1.png	units/undead-spirit/nightgaunt-attack-1.png
units/undead-spirit/nightgaunt-attack-2.png	units/undead-spirit/nightgaunt-attack-2.png
units/undead-spirit/nightgaunt-attack-3a.png	units/undead-spirit/nightgaunt-attack-3a.png
units/undead-spirit/nightgaunt-attack-4a.png	units/undead-spirit/nightgaunt-attack-4a.png
units/undead-spirit/nightgaunt.png	units/undead-spirit/nightgaunt.png
units/undead-spirit/shadow-n-2.png	units/undead-spirit/shadow-n-2.png
units/undead-spirit/shadow-n-attack-1.png	units/undead-spirit/shadow-n-attack-1.png
units/undead-spirit/shadow-n-attack-2.png	units/undead-spirit/shadow-n-attack-2.png
units/undead-spirit/shadow-n-attack-3.png	units/undead-spirit/shadow-n-attack-3.png
units/undead-spirit/shadow-n-attack-4.png	units/undead-spirit/shadow-n-attack-4.png
units/undead-spirit/shadow-n-attack-5.png	units/undead-spirit/shadow-n-attack-5.png
units/undead-spirit/shadow-n-attack-6.png	units/undead-spirit/shadow-n-attack-6.png
units/undead-spirit/shadow-s-2.png	units/undead-spirit/shadow-s-2.png
units/undead-spirit/shadow-s-attack-1.png	units/undead-spirit/shadow-s-attack-1.png
units/undead-spirit/shadow-s-attack-2.png	units/undead-spirit/shadow-s-attack-2.png
units/undead-spirit/shadow-s-attack-3.png	units/undead-spirit/shadow-s-attack-3.png
units/undead-spirit/shadow-s-attack-4.png	units/undead-spirit/shadow-s-attack-4.png
units/undead-spirit/shadow-s-attack-5.png	units/undead-spirit/shadow-s-attack-5.png
units/undead-spirit/shadow-s-attack-6.png	units/undead-spirit/shadow-s-attack-6.png
units/undead-spirit/spectre-se-attack-1.png	units/undead-spirit/spectre-se-attack-1.png
units/undead-spirit/spectre-se-attack-10.png	units/undead-spirit/spectre-se-attack-10.png
units/undead-spirit/spectre-se-attack-11.png	units/undead-spirit/spectre-se-attack-11.png
units/undead-spirit/spectre-se-attack-12.png	units/undead-spirit/spectre-se-attack-12.png
units/undead-spirit/spectre-se-attack-2.png	units/undead-spirit/spectre-se-attack-2.png
units/undead-spirit/spectre-se-attack-3.png	units/undead-spirit/spectre-se-attack-3.png
units/undead-spirit/spectre-se-attack-4.png	units/undead-spirit/spectre-se-attack-4.png
units/undead-spirit/spectre-se-attack-5.png	units/undead-spirit/spectre-se-attack-5.png
units/undead-spirit/spectre-se-attack-6.png	units/undead-spirit/spectre-se-attack-6.png
units/undead-spirit/spectre-se-attack-7.png	units/undead-spirit/spectre-se-attack-7.png
units/undead-spirit/spectre-se-attack-8.png	units/undead-spirit/spectre-se-attack-8.png
units/undead-spirit/spectre-se-attack-9.png	units/undead-spirit/spectre-se-attack-9.png
units/undead-spirit/spectre.png	units/undead-spirit/spectre.png
units/undead-spirit/wraith-s-attack-1.png	units/undead-spirit/wraith-s-attack-1.png
units/undead-spirit/wraith-s-attack-2.png	units/undead-spirit/wraith-s-attack-2.png
units/undead-spirit/wraith-s-attack-3.png	units/undead-spirit/wraith-s-attack-3.png
units/undead-spirit/wraith-s-attack-4.png	units/undead-spirit/wraith-s-attack-4.png
units/undead-spirit/wraith-s-attack-5.png	units/undead-spirit/wraith-s-attack-5.png
units/undead-spirit/wraith-s-defend-1.png	units/undead-spirit/wraith-s-defend-1.png
units/undead-spirit/wraith-s.png	units/undead-spirit/wraith-s.png
units/undead/ghast-attack-1.png	units/undead/ghast-attack-1.png
units/undead/ghast-attack-2.png	units/undead/ghast-attack-2.png
units/undead/ghast-attack-3.png	units/undead/ghast-attack-3.png
units/undead/ghast-attack-4.png	units/undead/ghast-attack-4.png
units/undead/ghast-attack-5.png	units/undead/ghast-attack-5.png
units/undead/ghast-attack-6.png	units/undead/ghast-attack-6.png
units/undead/ghoul-attack-1.png	units/undead/ghoul-attack-1.png
units/undead/ghoul-attack-2.png	units/undead/ghoul-attack-2.png
units/undead/ghoul-attack-3.png	units/undead/ghoul-attack-3.png
units/undead/ghoul-attack-4.png	units/undead/ghoul-attack-4.png
units/undead/ghoul.png	units/undead/ghoul.png
units/undead/necrophage-attack-1.png	units/undead/necrophage-attack-1.png
units/undead/necrophage-attack-2.png	units/undead/necrophage-attack-2.png
units/undead/necrophage-attack-3.png	units/undead/necrophage-attack-3.png
units/undead/necrophage-attack-4.png	units/undead/necrophage-attack-4.png
units/undead/necrophage.png	units/undead/necrophage.png
units/undead/soulless-attack-n.png	units/undead/soulless-attack-n.png
units/undead/soulless-attack-s.png	units/undead/soulless-attack-s.png
units/undead/soulless-attack.png	units/undead/soulless-attack.png
units/woses/wose-ancient-attack-1.png	units/woses/wose-ancient-attack-1.png
units/woses/wose-ancient-attack-2.png	units/woses/wose-ancient-attack-2.png
units/woses/wose-attack-1.png	units/woses/wose-attack-1.png
units/woses/wose-attack-2.png	units/woses/wose-attack-2.png
units/woses/wose-elder-attack-1.png	units/woses/wose-elder-attack-1.png
units/woses/wose-elder-attack-2.png	units/woses/wose-elder-attack-2.png
units/woses/wose-sapling-attack.png	units/woses/wose-sapling-attack.png
units/woses/wose-sapling.png	units/woses/wose-sapling.png
units/woses/wose-shaman-attack-1.png	units/woses/wose-shaman-attack-1.png
units/woses/wose-shaman-attack-2.png	units/woses/wose-shaman-attack-2.png
units/woses/wose-shaman-attack-3.png	units/woses/wose-shaman-attack-3.png
units/woses/wose-shaman-attack-4.png	units/woses/wose-shaman-attack-4.png
units/woses/wose-shaman-attack-ranged-1.png	units/woses/wose-shaman-attack-ranged-1.png
units/woses/wose-shaman-attack-ranged-2.png	units/woses/wose-shaman-attack-ranged-2.png
